Workbook
Name calendário: #N/A
Name calendário: #N/A
Name calendário: #N/A
Name calendário: #N/A
Name calendário: #N/A
Name calendário: #N/A
Name calendário: #N/A
Name calendário: #N/A
Name calendário: #N/A
Name calendário: #N/A
Name calendário: #N/A
Name calendário: #N/A
Name calendário: tabeladedias+[1]Calendário!primeiradata-WEEKDAY([1]Calendário!primeiradata)-diasdasemana_opção
Name DataParaIniciar: '1'!$E$1
Name DataParaIniciar: '10'!$E$1
Name DataParaIniciar: '11'!$E$1
Name DataParaIniciar: '12'!$E$1
Name DataParaIniciar: '2'!$E$1
Name DataParaIniciar: '3'!$E$1
Name DataParaIniciar: '4'!$E$1
Name DataParaIniciar: '5'!$E$1
Name DataParaIniciar: '6'!$E$1
Name DataParaIniciar: '7'!$E$1
Name DataParaIniciar: '8'!$E$1
Name DataParaIniciar: '9'!$E$1
Name DataParaIniciar: #REF!
Name dias: {0,1,2,3,4,5,6}
Name diasdasemana_opção: MATCH('1'!DataParaIniciar,[0]!diasdasemana_posteriores,0)-2
Name diasdasemana_opção: MATCH('10'!DataParaIniciar,[0]!diasdasemana_posteriores,0)-2
Name diasdasemana_opção: MATCH('11'!DataParaIniciar,[0]!diasdasemana_posteriores,0)-2
Name diasdasemana_opção: MATCH('12'!DataParaIniciar,[0]!diasdasemana_posteriores,0)-2
Name diasdasemana_opção: MATCH('2'!DataParaIniciar,[0]!diasdasemana_posteriores,0)-2
Name diasdasemana_opção: MATCH('3'!DataParaIniciar,[0]!diasdasemana_posteriores,0)-2
Name diasdasemana_opção: MATCH('4'!DataParaIniciar,[0]!diasdasemana_posteriores,0)-2
Name diasdasemana_opção: MATCH('5'!DataParaIniciar,[0]!diasdasemana_posteriores,0)-2
Name diasdasemana_opção: MATCH('6'!DataParaIniciar,[0]!diasdasemana_posteriores,0)-2
Name diasdasemana_opção: MATCH('7'!DataParaIniciar,[0]!diasdasemana_posteriores,0)-2
Name diasdasemana_opção: MATCH('8'!DataParaIniciar,[0]!diasdasemana_posteriores,0)-2
Name diasdasemana_opção: MATCH('9'!DataParaIniciar,[0]!diasdasemana_posteriores,0)-2
Name diasdasemana_opção: MATCH(DataParaIniciar,diasdasemana_posteriores,0)-2
Name diasdasemana_posteriores: {"Domingo","Sábado","Sexta-feira","Quinta-feira","Quarta-feira","Terça-feira","Segunda-feira"}
Name meses: {"Janeiro","Fevereiro","Março","Abril","Maio","Junho","Julho","Agosto","Setembro","Outubro","Novembro","Dezembro"}
Name MêsParaExibiçãoNúmero: MATCH([1]Calendário!MêsParaExibição,meses,0)
Name MêsParaExibiçãoNúmero: MATCH([1]Calendário!MêsParaExibição,meses,0)
Name MêsParaExibiçãoNúmero: MATCH([1]Calendário!MêsParaExibição,meses,0)
Name MêsParaExibiçãoNúmero: MATCH([1]Calendário!MêsParaExibição,meses,0)
Name MêsParaExibiçãoNúmero: MATCH([1]Calendário!MêsParaExibição,meses,0)
Name MêsParaExibiçãoNúmero: MATCH([1]Calendário!MêsParaExibição,meses,0)
Name MêsParaExibiçãoNúmero: MATCH([1]Calendário!MêsParaExibição,meses,0)
Name MêsParaExibiçãoNúmero: MATCH([1]Calendário!MêsParaExibição,meses,0)
Name MêsParaExibiçãoNúmero: MATCH([1]Calendário!MêsParaExibição,meses,0)
Name MêsParaExibiçãoNúmero: MATCH([1]Calendário!MêsParaExibição,meses,0)
Name MêsParaExibiçãoNúmero: MATCH([1]Calendário!MêsParaExibição,meses,0)
Name MêsParaExibiçãoNúmero: MATCH([1]Calendário!MêsParaExibição,meses,0)
Name MêsParaExibiçãoNúmero: MATCH([1]Calendário!MêsParaExibição,meses,0)
Name ndx: ROUNDUP(MATCH(2,1/FREQUENCY(DATE([1]Calendário!AnoParaExibição,[1]Calendário!MêsParaExibiçãoNúmero,1),[1]Calendário!calendário))/7,0)
Name ndx: ROUNDUP(MATCH(2,1/FREQUENCY(DATE([1]Calendário!AnoParaExibição,[1]Calendário!MêsParaExibiçãoNúmero,1),[1]Calendário!calendário))/7,0)
Name ndx: ROUNDUP(MATCH(2,1/FREQUENCY(DATE([1]Calendário!AnoParaExibição,[1]Calendário!MêsParaExibiçãoNúmero,1),[1]Calendário!calendário))/7,0)
Name ndx: ROUNDUP(MATCH(2,1/FREQUENCY(DATE([1]Calendário!AnoParaExibição,[1]Calendário!MêsParaExibiçãoNúmero,1),[1]Calendário!calendário))/7,0)
Name ndx: ROUNDUP(MATCH(2,1/FREQUENCY(DATE([1]Calendário!AnoParaExibição,[1]Calendário!MêsParaExibiçãoNúmero,1),[1]Calendário!calendário))/7,0)

Sheet 2021 RESUL. FX ETÁRIA
A1: 2021 - Resultados Alcançados MENSAL (POR FAIXA ETÁRIA)
A4: INDICADORES DE DESEMPENHO | P4: TOTAL | Q4: TOTAL
D5: JAN | E5: FEV | F5: MAR | G5: ABR | H5: MAI | I5: JUN | J5: JUL | K5: AGO | L5: SET | M5: OUT | N5: NOV | O5: DEZ
A6: Restaurante Popular CENTRO | B6: Usuários por faixa etária | C6: 0-16 anos M | D6: 199 | E6: 296 | F6: 348 | G6: 304 | H6: 348 | I6: 150 | J6: 217 | K6: 259 | L6: 264 | M6: =AVERAGE(I6:L6) -> 222.5 | N6: =AVERAGE(I6:L6) -> 222.5 | O6: =AVERAGE(I6:L6) -> 222.5 | P6: =SUM(D6:O6) -> 3052.5 | Q6: =P6+P7 -> 5228
C7: 0-16 anos F | D7: 180 | E7: 255 | F7: 255 | G7: 170 | H7: 255 | I7: 120 | J7: 167 | K7: 154 | L7: 165 | M7: =AVERAGE(I7:L7) -> 151.5 | N7: =AVERAGE(I7:L7) -> 151.5 | O7: =AVERAGE(I7:L7) -> 151.5 | P7: =SUM(D7:O7) -> 2175.5
C8: 17-60 anos M | D8: 2419 | E8: 3141 | F8: 4491 | G8: 3822 | H8: 4491 | I8: 3726 | J8: 4706 | K8: 4908 | L8: 4684 | M8: =AVERAGE(I8:L8) -> 4506 | N8: =AVERAGE(I8:L8) -> 4506 | O8: =AVERAGE(I8:L8) -> 4506 | P8: =SUM(D8:O8) -> 49906 | Q8: =P8+P9 -> 63949.25
C9: 17-60 anos F | D9: 762 | E9: 1207 | F9: 1338 | G9: 1161 | H9: 1338 | I9: 950 | J9: 1250 | K9: 1288 | L9: 1219 | M9: =AVERAGE(I9:L9) -> 1176.75 | N9: =AVERAGE(I9:L9) -> 1176.75 | O9: =AVERAGE(I9:L9) -> 1176.75 | P9: =SUM(D9:O9) -> 14043.25
C10: mais 60 anos M | D10: 1023 | E10: 1360 | F10: 2033 | G10: 1910 | H10: 2033 | I10: 2346 | J10: 3104 | K10: 3430 | L10: 3400 | M10: =AVERAGE(I10:L10) -> 3070 | N10: =AVERAGE(I10:L10) -> 3070 | O10: =AVERAGE(I10:L10) -> 3070 | P10: =SUM(D10:O10) -> 29849 | Q10: =P10+P11 -> 34237.75
C11: mais 60 anos F | D11: 155 | E11: 245 | F11: 442 | G11: 513 | H11: 442 | I11: 240 | J11: 381 | K11: 439 | L11: 421 | M11: =AVERAGE(I11:L11) -> 370.25 | N11: =AVERAGE(I11:L11) -> 370.25 | O11: =AVERAGE(I11:L11) -> 370.25 | P11: =SUM(D11:O11) -> 4388.75
A12: Restaurante Popular COMPENSA | B12: Usuários por faixa etária | C12: 0-16 anos M | D12: 203 | E12: 166 | F12: 190 | G12: 189 | H12: 190 | I12: 269 | J12: 207 | K12: 239 | L12: 232 | M12: =AVERAGE(I12:L12) -> 236.75 | N12: =AVERAGE(I12:L12) -> 236.75 | O12: =AVERAGE(I12:L12) -> 236.75 | P12: =SUM(D12:O12) -> 2595.25 | Q12: =P12+P13 -> 5652.25
C13: 0-16 anos F | D13: 177 | E13: 193 | F13: 147 | G13: 90 | H13: 147 | I13: 321 | J13: 324 | K13: 366 | L13: 305 | M13: =AVERAGE(I13:L13) -> 329 | N13: =AVERAGE(I13:L13) -> 329 | O13: =AVERAGE(I13:L13) -> 329 | P13: =SUM(D13:O13) -> 3057
C14: 17-60 anos M | D14: 1700 | E14: 1446 | F14: 1828 | G14: 1582 | H14: 1828 | I14: 2317 | J14: 2242 | K14: 2472 | L14: 2332 | M14: =AVERAGE(I14:L14) -> 2340.75 | N14: =AVERAGE(I14:L14) -> 2340.75 | O14: =AVERAGE(I14:L14) -> 2340.75 | P14: =SUM(D14:O14) -> 24769.25 | Q14: =P14+P15 -> 35167.75
C15: 17-60 anos F | D15: 832 | E15: 698 | F15: 881 | G15: 901 | H15: 881 | I15: 695 | J15: 843 | K15: 1000 | L15: 1008 | M15: =AVERAGE(I15:L15) -> 886.5 | N15: =AVERAGE(I15:L15) -> 886.5 | O15: =AVERAGE(I15:L15) -> 886.5 | P15: =SUM(D15:O15) -> 10398.5
C16: mais 60 anos M | D16: 740 | E16: 634 | F16: 935 | G16: 750 | H16: 935 | I16: 901 | J16: 1045 | K16: 1350 | L16: 1313 | M16: =AVERAGE(I16:L16) -> 1152.25 | N16: =AVERAGE(I16:L16) -> 1152.25 | O16: =AVERAGE(I16:L16) -> 1152.25 | P16: =SUM(D16:O16) -> 12059.75 | Q16: =P16+P17 -> 16146
C17: mais 60 anos F | D17: 302 | E17: 321 | F17: 406 | G17: 301 | H17: 406 | I17: 222 | J17: 339 | K17: 381 | L17: 401 | M17: =AVERAGE(I17:L17) -> 335.75 | N17: =AVERAGE(I17:L17) -> 335.75 | O17: =AVERAGE(I17:L17) -> 335.75 | P17: =SUM(D17:O17) -> 4086.25
A18: Restaurante Popular JORGE TEIXEIRA | B18: Usuários por faixa etária | C18: 0-16 anos M | D18: 37 | E18: - | F18: - | G18: - | H18: - | I18: - | J18: - | K18: - | L18: 921 | M18: =AVERAGE(I18:L18) -> 921 | N18: =AVERAGE(I18:L18) -> 921 | O18: =AVERAGE(I18:L18) -> 921 | P18: =SUM(D18:O18) -> 3721 | Q18: =P18+P19 -> 6752
C19: 0-16 anos F | D19: 35 | E19: - | F19: - | G19: - | H19: - | I19: - | J19: - | K19: - | L19: 749 | M19: =AVERAGE(I19:L19) -> 749 | N19: =AVERAGE(I19:L19) -> 749 | O19: =AVERAGE(I19:L19) -> 749 | P19: =SUM(D19:O19) -> 3031
C20: 17-60 anos M | D20: 162 | E20: - | F20: - | G20: - | H20: - | I20: - | J20: - | K20: - | L20: 3538 | M20: =AVERAGE(I20:L20) -> 3538 | N20: =AVERAGE(I20:L20) -> 3538 | O20: =AVERAGE(I20:L20) -> 3538 | P20: =SUM(D20:O20) -> 14314 | Q20: =P20+P21 -> 23272
C21: 17-60 anos F | D21: 170 | E21: - | F21: - | G21: - | H21: - | I21: - | J21: - | K21: - | L21: 2197 | M21: =AVERAGE(I21:L21) -> 2197 | N21: =AVERAGE(I21:L21) -> 2197 | O21: =AVERAGE(I21:L21) -> 2197 | P21: =SUM(D21:O21) -> 8958
C22: mais 60 anos M | D22: 69 | E22: - | F22: - | G22: - | H22: - | I22: - | J22: - | K22: - | L22: 1292 | M22: =AVERAGE(I22:L22) -> 1292 | N22: =AVERAGE(I22:L22) -> 1292 | O22: =AVERAGE(I22:L22) -> 1292 | P22: =SUM(D22:O22) -> 5237 | Q22: =P22+P23 -> 6735
C23: mais 60 anos F | D23: 18 | E23: - | F23: - | G23: - | H23: - | I23: - | J23: - | K23: - | L23: 370 | M23: =AVERAGE(I23:L23) -> 370 | N23: =AVERAGE(I23:L23) -> 370 | O23: =AVERAGE(I23:L23) -> 370 | P23: =SUM(D23:O23) -> 1498
A24: Restaurante Popular NOVO ISRAEL | B24: Usuários por faixa etária | C24: 0-16 anos M | D24: 31 | E24: - | F24: - | G24: - | H24: - | I24: - | J24: - | K24: - | L24: - | M24: - | N24: - | O24: - | P24: =SUM(D24:O24) -> 31 | Q24: =P24+P25 -> 62
C25: 0-16 anos F | D25: 31 | E25: - | F25: - | G25: - | H25: - | I25: - | J25: - | K25: - | L25: - | M25: - | N25: - | O25: - | P25: =SUM(D25:O25) -> 31
C26: 17-60 anos M | D26: 158 | E26: - | F26: - | G26: - | H26: - | I26: - | J26: - | K26: - | L26: - | M26: - | N26: - | O26: - | P26: =SUM(D26:O26) -> 158 | Q26: =P26+P27 -> 261
C27: 17-60 anos F | D27: 103 | E27: - | F27: - | G27: - | H27: - | I27: - | J27: - | K27: - | L27: - | M27: - | N27: - | O27: - | P27: =SUM(D27:O27) -> 103
C28: mais 60 anos M | D28: 72 | E28: - | F28: - | G28: - | H28: - | I28: - | J28: - | K28: - | L28: - | M28: - | N28: - | O28: - | P28: =SUM(D28:O28) -> 72 | Q28: =P28+P29 -> 93
C29: mais 60 anos F | D29: 21 | E29: - | F29: - | G29: - | H29: - | I29: - | J29: - | K29: - | L29: - | M29: - | N29: - | O29: - | P29: =SUM(D29:O29) -> 21
A30: Cozinha ALFREDO NASCIMENTO | B30: Usuários por faixa etária | C30: 0-16 anos M | D30: 2616 | E30: 2536 | F30: 3123 | G30: 2788 | H30: 3123 | I30: 2241 | J30: 2828 | K30: 1239 | L30: - | M30: =AVERAGE(I30:L30) -> 2102.6667 | N30: =AVERAGE(I30:L30) -> 2102.6667 | O30: =AVERAGE(I30:L30) -> 2102.6667 | P30: =SUM(D30:O30) -> 26802 | Q30: =P30+P31 -> 51923
C31: 0-16 anos F | D31: 2143 | E31: 2204 | F31: 2917 | G31: 2540 | H31: 2917 | I31: 2242 | J31: 2750 | K31: 1208 | L31: - | M31: =AVERAGE(I31:L31) -> 2066.6667 | N31: =AVERAGE(I31:L31) -> 2066.6667 | O31: =AVERAGE(I31:L31) -> 2066.6667 | P31: =SUM(D31:O31) -> 25121
C32: 17-60 anos M | D32: 7493 | E32: 7178 | F32: 8670 | G32: 7639 | H32: 8670 | I32: 7370 | J32: 8868 | K32: 3838 | L32: - | M32: =AVERAGE(I32:L32) -> 6692 | N32: =AVERAGE(I32:L32) -> 6692 | O32: =AVERAGE(I32:L32) -> 6692 | P32: =SUM(D32:O32) -> 79802 | Q32: =P32+P33 -> 153148
C33: 17-60 anos F | D33: 6919 | E33: 6641 | F33: 8322 | G33: 7414 | H33: 8322 | I33: 6407 | J33: 7915 | K33: 3542 | L33: - | M33: =AVERAGE(I33:L33) -> 5954.6667 | N33: =AVERAGE(I33:L33) -> 5954.6667 | O33: =AVERAGE(I33:L33) -> 5954.6667 | P33: =SUM(D33:O33) -> 73346
C34: mais 60 anos M | D34: 989 | E34: 789 | F34: 920 | G34: 848 | H34: 920 | I34: 680 | J34: 938 | K34: 396 | L34: - | M34: =AVERAGE(I34:L34) -> 671.33333 | N34: =AVERAGE(I34:L34) -> 671.33333 | O34: =AVERAGE(I34:L34) -> 671.33333 | P34: =SUM(D34:O34) -> 8494 | Q34: =P34+P35 -> 15847
C35: mais 60 anos F | D35: 772 | E35: 699 | F35: 930 | G35: 726 | H35: 930 | I35: 583 | J35: 706 | K35: 359 | L35: - | M35: =AVERAGE(I35:L35) -> 549.33333 | N35: =AVERAGE(I35:L35) -> 549.33333 | O35: =AVERAGE(I35:L35) -> 549.33333 | P35: =SUM(D35:O35) -> 7353
A36: Cozinha PARQUE SÃO PEDRO | B36: Usuários por faixa etária | C36: 0-16 anos M | D36: 1794 | E36: 193 | F36: - | G36: - | H36: - | I36: - | J36: - | K36: - | L36: - | M36: - | N36: - | O36: - | P36: =SUM(D36:O36) -> 1987 | Q36: =P36+P37 -> 3739
C37: 0-16 anos F | D37: 1576 | E37: 176 | F37: - | G37: - | H37: - | I37: - | J37: - | K37: - | L37: - | M37: - | N37: - | O37: - | P37: =SUM(D37:O37) -> 1752
C38: 17-60 anos M | D38: 7664 | E38: 800 | F38: - | G38: - | H38: - | I38: - | J38: - | K38: - | L38: - | M38: - | N38: - | O38: - | P38: =SUM(D38:O38) -> 8464 | Q38: =P38+P39 -> 15759
C39: 17-60 anos F | D39: 6596 | E39: 699 | F39: - | G39: - | H39: - | I39: - | J39: - | K39: - | L39: - | M39: - | N39: - | O39: - | P39: =SUM(D39:O39) -> 7295
C40: mais 60 anos M | D40: 757 | E40: 77 | F40: - | G40: - | H40: - | I40: - | J40: - | K40: - | L40: - | M40: - | N40: - | O40: - | P40: =SUM(D40:O40) -> 834 | Q40: =P40+P41 -> 1895
C41: mais 60 anos F | D41: 962 | E41: 99 | F41: - | G41: - | H41: - | I41: - | J41: - | K41: - | L41: - | M41: - | N41: - | O41: - | P41: =SUM(D41:O41) -> 1061
A42: Cozinha RIO PIORINI | B42: Usuários por faixa etária | C42: 0-16 anos M | D42: 100 | E42: - | F42: - | G42: 1175 | H42: - | I42: - | J42: - | K42: - | L42: - | M42: - | N42: - | O42: - | P42: =SUM(D42:O42) -> 1275 | Q42: =P42+P43 -> 2542
C43: 0-16 anos F | D43: 80 | E43: - | F43: - | G43: 1187 | H43: - | I43: - | J43: - | K43: - | L43: - | M43: - | N43: - | O43: - | P43: =SUM(D43:O43) -> 1267
C44: 17-60 anos M | D44: 724 | E44: - | F44: - | G44: 4459 | H44: - | I44: - | J44: - | K44: - | L44: - | M44: - | N44: - | O44: - | P44: =SUM(D44:O44) -> 5183 | Q44: =P44+P45 -> 9824
C45: 17-60 anos F | D45: 578 | E45: - | F45: - | G45: 4063 | H45: - | I45: - | J45: - | K45: - | L45: - | M45: - | N45: - | O45: - | P45: =SUM(D45:O45) -> 4641
C46: mais 60 anos M | D46: 80 | E46: - | F46: - | G46: 605 | H46: - | I46: - | J46: - | K46: - | L46: - | M46: - | N46: - | O46: - | P46: =SUM(D46:O46) -> 685 | Q46: =P46+P47 -> 1250
C47: mais 60 anos F | D47: 70 | E47: - | F47: - | G47: 495 | H47: - | I47: - | J47: - | K47: - | L47: - | M47: - | N47: - | O47: - | P47: =SUM(D47:O47) -> 565
A49: RESTAURANTES | D49: JAN | E49: FEV | F49: MAR | G49: ABR | H49: MAI | I49: JUN | J49: JUL | K49: AGO | L49: SET | M49: OUT | N49: NOV | O49: DEZ | P49: TOTAL
A50: FAIXA ETÁRIA | C50: 0-16 anos | D50: =SUM((D6:D7),(D12:D13),(D18:D19),(D24:D25)) -> 893 | E50: =SUM((E6:E7),(E12:E13),(E18:E19),(E24:E25)) -> 910 | F50: =SUM((F6:F7),(F12:F13),(F18:F19),(F24:F25)) -> 940 | G50: =SUM((G6:G7),(G12:G13),(G18:G19),(G24:G25)) -> 753 | H50: =SUM((H6:H7),(H12:H13),(H18:H19),(H24:H25)) -> 940 | I50: =SUM((I6:I7),(I12:I13),(I18:I19),(I24:I25)) -> 860 | J50: =SUM((J6:J7),(J12:J13),(J18:J19),(J24:J25)) -> 915 | K50: =SUM((K6:K7),(K12:K13),(K18:K19),(K24:K25)) -> 1018 | ... O50: =SUM((O6:O7),(O12:O13),(O18:O19),(O24:O25)) -> 2609.75 | P50: =SUM(D50:O50) -> 17694.25
C51: 16-60 anos | D51: =SUM((D8:D9),(D14:D15),(D20:D21),(D26:D27)) -> 6306 | E51: =SUM((E8:E9),(E14:E15),(E20:E21),(E26:E27)) -> 6492 | F51: =SUM((F8:F9),(F14:F15),(F20:F21),(F26:F27)) -> 8538 | G51: =SUM((G8:G9),(G14:G15),(G20:G21),(G26:G27)) -> 7466 | H51: =SUM((H8:H9),(H14:H15),(H20:H21),(H26:H27)) -> 8538 | I51: =SUM((I8:I9),(I14:I15),(I20:I21),(I26:I27)) -> 7688 | J51: =SUM((J8:J9),(J14:J15),(J20:J21),(J26:J27)) -> 9041 | K51: =SUM((K8:K9),(K14:K15),(K20:K21),(K26:K27)) -> 9668 | ... O51: =SUM((O8:O9),(O14:O15),(O20:O21),(O26:O27)) -> 14645 | P51: =SUM(D51:O51) -> 122650
C52: mais 60 anos | D52: =SUM((D10:D11),(D16:D17),(D22:D23),(D28:D29)) -> 2400 | E52: =SUM((E10:E11),(E16:E17),(E22:E23),(E28:E29)) -> 2560 | F52: =SUM((F10:F11),(F16:F17),(F22:F23),(F28:F29)) -> 3816 | G52: =SUM((G10:G11),(G16:G17),(G22:G23),(G28:G29)) -> 3474 | H52: =SUM((H10:H11),(H16:H17),(H22:H23),(H28:H29)) -> 3816 | I52: =SUM((I10:I11),(I16:I17),(I22:I23),(I28:I29)) -> 3709 | J52: =SUM((J10:J11),(J16:J17),(J22:J23),(J28:J29)) -> 4869 | K52: =SUM((K10:K11),(K16:K17),(K22:K23),(K28:K29)) -> 5600 | ... O52: =SUM((O10:O11),(O16:O17),(O22:O23),(O28:O29)) -> 6590.25 | P52: =SUM(D52:O52) -> 57211.75
A54: COZINHAS | D54: JAN | E54: FEV | F54: MAR | G54: ABR | H54: MAI | I54: JUN | J54: JUL | K54: AGO | L54: SET | M54: OUT | N54: NOV | O54: DEZ | P54: TOTAL
A55: FAIXA ETÁRIA | C55: 0-16 anos | D55: =SUM((D30:D31),(D36:D37),(D42:D43)) -> 8309 | E55: =SUM((E30:E31),(E36:E37),(E42:E43)) -> 5109 | F55: =SUM((F30:F31),(F36:F37),(F42:F43)) -> 6040 | G55: =SUM((G30:G31),(G36:G37),(G42:G43)) -> 7690 | H55: =SUM((H30:H31),(H36:H37),(H42:H43)) -> 6040 | I55: =SUM((I30:I31),(I36:I37),(I42:I43)) -> 4483 | J55: =SUM((J30:J31),(J36:J37),(J42:J43)) -> 5578 | K55: =SUM((K30:K31),(K36:K37),(K42:K43)) -> 2447 | ... O55: =SUM((O30:O31),(O36:O37),(O42:O43)) -> 4169.3333 | P55: =SUM(D55:O55) -> 58204
C56: 16-60 anos | D56: =SUM((D32:D33),(D38:D39),(D44:D45)) -> 29974 | E56: =SUM((E32:E33),(E38:E39),(E44:E45)) -> 15318 | F56: =SUM((F32:F33),(F38:F39),(F44:F45)) -> 16992 | G56: =SUM((G32:G33),(G38:G39),(G44:G45)) -> 23575 | H56: =SUM((H32:H33),(H38:H39),(H44:H45)) -> 16992 | I56: =SUM((I32:I33),(I38:I39),(I44:I45)) -> 13777 | J56: =SUM((J32:J33),(J38:J39),(J44:J45)) -> 16783 | K56: =SUM((K32:K33),(K38:K39),(K44:K45)) -> 7380 | ... O56: =SUM((O32:O33),(O38:O39),(O44:O45)) -> 12646.667 | P56: =SUM(D56:O56) -> 178731
C57: mais 60 anos | D57: =SUM((D34:D35),(D40:D41),(D46:D47)) -> 3630 | E57: =SUM((E34:E35),(E40:E41),(E46:E47)) -> 1664 | F57: =SUM((F34:F35),(F40:F41),(F46:F47)) -> 1850 | G57: =SUM((G34:G35),(G40:G41),(G46:G47)) -> 2674 | H57: =SUM((H34:H35),(H40:H41),(H46:H47)) -> 1850 | I57: =SUM((I34:I35),(I40:I41),(I46:I47)) -> 1263 | J57: =SUM((J34:J35),(J40:J41),(J46:J47)) -> 1644 | K57: =SUM((K34:K35),(K40:K41),(K46:K47)) -> 755 | ... O57: =SUM((O34:O35),(O40:O41),(O46:O47)) -> 1220.6667 | P57: =SUM(D57:O57) -> 18992

Sheet RESUL. ALCANÇADOS
B1: 2026 | M1: RESTAURANTES RESULTADOS ALCANÇADOS
B3: \ | C3: INDICADORES CENTRO | D3: ANO 2018 | E3: ANO 2019 | F3: ANO 2020 | G3: ANO 2021 | H3: ANO 2022 | I3: ANO 2023 | J3: ANO 2024 | K3: ANO 2025 | L3: ANO 2026 | M3: JAN | N3: FEV | O3: MAR | P3: ABR | Q3: MAI | R3: JUN | S3: JUL | T3: AGO | U3: SET | V3: OUT | W3: NOV | X3: DEZ | Y3: TOTAL 2026
A4: RESTAURANTES POPULARES | B4: CENTRO | C4: Novos Cadastros | D4: 0 | E4: 4632 | F4: 2694 | G4: 3130 | H4: 4119 | I4: 5902 | J4: 2056 | K4: 929 | L4: =SUM(M4:X4) -> 306 | M4: ='1'!$AI$4 -> 66 | N4: ='2'!$AF$4 -> 57 | O4: ='3'!$AI$4 -> 160 | P4: ='4'!$AH$4 -> 23 | Q4: ='5'!AI4 -> 0 | R4: ='6'!$AH$4 -> 0 | S4: ='7'!$AI$4 -> 0 | T4: ='8'!$AI$4 -> 0 | U4: ='9'!$AH$4 -> 0 | V4: ='10'!$AI$4 -> 0 | W4: ='11'!$AH$4 -> 0 | X4: ='12'!$AI$4 -> 0 | Y4: =SUM(M4:P4) -> 306
C5: Pessoas em situação de rua | D5: 0 | E5: 0 | F5: 1915 | G5: 4443 | H5: 6164 | I5: 15699 | J5: 12254 | K5: 10609 | L5: =SUM(M5:X5) -> 8460 | M5: =SUM('1'!$AI$17:$AI$18) -> 2493 | N5: =SUM('2'!$AF$17:$AF$18) -> 1676 | O5: =SUM('3'!$AI$17:$AI$18) -> 2493 | P5: =SUM('4'!$AH$17:$AH$18) -> 85 | Q5: =SUM('5'!$AI$17:$AI$18) -> 869 | R5: =SUM('6'!$AH$17:$AH$18) -> 844 | S5: =SUM('7'!$AI$17:$AI$18) -> 0 | T5: =SUM('8'!$AI$17:$AI$18) -> 0 | U5: =SUM('9'!$AH$17:$AH$18) -> 0 | V5: =SUM('10'!$AI$17:$AI$18) -> 0 | W5: =SUM('11'!$AI$17:$AI$18) -> 0 | X5: =SUM('12'!$AI$17:$AI$18) -> 0 | Y5: =SUM(M5:X5) -> 8460
C6: Genéricas | E6: - | F6: - | G6: - | H6: - | J6: 7047 | K6: 51001 | L6: =SUM(M6:X6) -> 22742 | M6: ='1'!$AI$19 -> 3857 | N6: ='2'!$AF$19 -> 3820 | O6: ='3'!$AI$19 -> 4036 | P6: ='4'!$AH$19 -> 4844 | Q6: ='5'!$AI$19 -> 4233 | R6: ='6'!$AH$19 -> 1952 | S6: ='7'!$AI$19 -> 0 | T6: ='8'!$AI$19 -> 0 | U6: ='9'!$AH$19 -> 0 | V6: ='10'!$AI$19 -> 0 | W6: ='11'!$AH$19 -> 0 | X6: ='12'!$AI$19 -> 0 | Y6: =SUM(M6:X6) -> 22742
C7: Usuários Atendidos (vendidos) | D7: 0 | E7: 23557 | F7: 76735 | G7: 109488 | H7: 122080 | I7: 141610 | J7: 142000 | K7: 143474 | L7: =SUM(M7:X7) -> 65768 | M7: ='1'!$AI$20 -> 12577 | N7: ='2'!$AF$20 -> 10512 | O7: ='3'!$AI$20 -> 13011 | P7: ='4'!$AH$20 -> 11826 | Q7: ='5'!$AI$20 -> 11842 | R7: ='6'!$AH$20 -> 6000 | S7: ='7'!$AI$20 -> 0 | T7: ='8'!$AI$20 -> 0 | U7: ='9'!$AH$20 -> 0 | V7: ='10'!$AI$20 -> 0 | W7: ='11'!$AH$20 -> 0 | X7: ='12'!$AI$20 -> 0 | Y7: =SUM(M7:X7) -> 65768
C8: Refeições Servidas | D8: 0 | E8: 148666 | F8: 78772 | G8: 111770 | H8: 117827 | I8: 135782 | J8: 137578 | K8: 140097 | L8: =SUM(M8:X8) -> 64336 | M8: ='1'!$AI$21 -> 12319 | N8: ='2'!$AF$21 -> 10320 | O8: ='3'!$AI$21 -> 12683 | P8: ='4'!$AH$21 -> 11579 | Q8: ='5'!$AI$21 -> 11566 | R8: ='6'!$AH$21 -> 5869 | S8: ='7'!$AI$21 -> 0 | T8: ='8'!$AI$21 -> 0 | U8: ='9'!$AH$21 -> 0 | V8: ='10'!$AI$21 -> 0 | W8: ='11'!$AH$21 -> 0 | X8: ='12'!$AI$21 -> 0 | Y8: =SUM(M8:X8) -> 64336
C9: Refeições Ofertadas | E9: - | F9: - | G9: - | H9: - | J9: 12600 | K9: 148200 | L9: =SUM(M9:X9) -> 153000 | M9: ='1'!$AI$22 -> 12600 | N9: ='2'!$AF$22 -> 10800 | O9: ='3'!$AI$22 -> 13200 | P9: ='4'!$AH$22 -> 12000 | Q9: ='5'!$AI$22 -> 12000 | R9: ='6'!$AH$22 -> 12600 | S9: ='7'!$AI$22 -> 13800 | T9: ='8'!$AI$22 -> 12600 | U9: ='9'!$AH$22 -> 13200 | V9: ='10'!$AI$22 -> 13200 | W9: ='11'!$AH$25 -> 13200 | X9: ='12'!$AI$22 -> 13800 | Y9: =SUM(M9:X9) -> 153000
C10: Pessoas com Deficiência | E10: 2299 | F10: 2161 | G10: 2602 | H10: 732 | I10: 3817 | J10: 1154 | K10: 1836 | L10: =SUM(M10:X10) -> 1144 | M10: ='1'!$AI$25 -> 138 | N10: ='2'!$AF$25 -> 459 | O10: ='3'!$AI$25 -> 190 | P10: ='4'!$AH$25 -> 357 | Q10: ='5'!$AI$25 -> 0 | R10: ='6'!$AH$25 -> 0 | S10: ='7'!$AI$25 -> 0 | T10: ='8'!$AI$25 -> 0 | U10: ='9'!$AH$25 -> 0 | V10: ='10'!$AI$25 -> 0 | W10: 0 | X10: ='12'!$AI$25 -> 0 | Y10: =SUM(M10:X10) -> 1144
B11: UNIDADE | C11: INDICADORES COMPENSA | D11: ANO 2018 | E11: ANO 2019 | F11: ANO 2020 | G11: ANO 2021 | H11: ANO 2022 | I11: ANO 2023 | J11: ANO 2024 | K11: ANO 2025 | L11: ANO 2026 | M11: JAN | N11: FEV | O11: MAR | P11: ABR | Q11: MAI | R11: JUN | S11: JUL | T11: AGO | U11: SET | V11: OUT | W11: NOV | X11: DEZ | Y11: TOTAL 2026
B12: COMPENSA | C12: Novos Cadastros | D12: 0 | E12: 1674 | F12: 240 | G12: 898 | H12: 851 | I12: 1623 | J12: 470 | K12: 51 | L12: =SUM(M12:X12) -> 104 | M12: ='1'!$AI$27 -> 0 | N12: ='2'!$AF$27 -> 11 | O12: ='3'!$AI$27 -> 74 | P12: ='4'!$AH$27 -> 19 | Q12: ='5'!AI27 -> 0 | R12: ='6'!$AH$27 -> 0 | S12: ='7'!$AI$27 -> 0 | T12: ='8'!$AI$27 -> 0 | U12: ='9'!$AH$27 -> 0 | V12: ='10'!$AI$27 -> 0 | W12: ='11'!$AH$27 -> 0 | X12: ='12'!$AI$27 -> 0 | Y12: =SUM(M12:X12) -> 104
C13: Pessoas em situação de rua | D13: 0 | E13: 0 | F13: 0 | G13: 372 | H13: 1827 | I13: 2473 | J13: 769 | K13: 0 | L13: =SUM(M13:X13) -> 939 | M13: =SUM('1'!$AI$40:$AI$41) -> 0 | N13: =SUM('2'!$AF$40:$AF$41) -> 35 | O13: =SUM('3'!$AI$40:$AI$41) -> 411 | P13: =SUM('4'!$AH$40:$AH$41) -> 186 | Q13: =SUM('5'!$AI$40:$AI$41) -> 171 | R13: =SUM('6'!$AH$40:$AH$41) -> 136 | S13: =SUM('7'!$AI$40:$AI$41) -> 0 | T13: =SUM('8'!$AI$40:$AI$41) -> 0 | U13: =SUM('9'!$AH$40:$AH$41) -> 0 | V13: =SUM('10'!$AI$40:$AI$41) -> 0 | W13: =SUM('11'!$AH$40:$AH$41) -> 0 | X13: =SUM('12'!$AI$40:$AI$41) -> 0 | Y13: =SUM(M13:X13) -> 939
C14: Genéricas | J14: 0 | K14: 0 | L14: =SUM(M14:X14) -> 821 | M14: ='1'!$AI$42 -> 0 | N14: ='2'!$AF$42 -> 35 | O14: ='3'!$AI$42 -> 216 | P14: ='4'!$AH$42 -> 162 | Q14: ='5'!$AI$42 -> 277 | R14: ='6'!$AH$42 -> 131 | S14: ='7'!$AI$42 -> 0 | T14: ='8'!$AI$42 -> 0 | U14: ='9'!$AH$42 -> 0 | V14: ='10'!$AI$42 -> 0 | W14: ='11'!$AH$42 -> 0 | X14: ='12'!$AI$42 -> 0 | Y14: =SUM(M14:X14) -> 821
C15: Usuários Atendidos (vendidos) | D15: 0 | E15: 14773 | F15: 38079 | G15: 57645 | H15: 62695 | I15: 63375 | J15: 66213 | K15: 64994 | L15: =SUM(M15:X15) -> 29306 | M15: ='1'!$AI$43 -> 5612 | N15: ='2'!$AF$43 -> 4582 | O15: ='3'!$AI$43 -> 5910 | P15: ='4'!$AH$43 -> 5229 | Q15: ='5'!$AI$43 -> 5319 | R15: ='6'!$AH$43 -> 2654 | S15: ='7'!$AI$43 -> 0 | T15: ='8'!$AI$43 -> 0 | U15: ='9'!$AH$43 -> 0 | V15: ='10'!$AI$43 -> 0 | W15: ='11'!$AH$43 -> 0 | X15: ='12'!$AI$43 -> 0 | Y15: =SUM(M15:X15) -> 29306
C16: Refeições Servidas | D16: 0 | E16: 73290 | F16: 42954 | G16: =Y16 -> 28827 | H16: 59772 | I16: 60953 | J16: 62977 | K16: 62286 | L16: =SUM(M16:X16) -> 28827 | M16: ='1'!$AI$44 -> 5425 | N16: ='2'!$AF$44 -> 4489 | O16: ='3'!$AI$44 -> 5875 | P16: ='4'!$AH$44 -> 5169 | Q16: ='5'!$AI$44 -> 5258 | R16: ='6'!$AH$44 -> 2611 | S16: ='7'!$AI$44 -> 0 | T16: ='8'!$AI$44 -> 0 | U16: ='9'!$AH$44 -> 0 | V16: ='10'!$AI$44 -> 0 | W16: ='11'!$AH$44 -> 0 | X16: ='12'!$AI$44 -> 0 | Y16: =SUM(M16:X16) -> 28827
C17: Refeições Ofertadas | J17: 5400 | K17: 67020 | L17: =SUM(M17:X17) -> 68310 | M17: ='1'!$AI$45 -> 5670 | N17: ='2'!$AF$45 -> 4860 | O17: ='3'!$AI$45 -> 5940 | P17: ='4'!$AH$45 -> 5400 | Q17: ='5'!$AI$45 -> 5400 | R17: ='6'!$AH$45 -> 5670 | S17: ='7'!$AI$45 -> 6210 | T17: ='8'!$AI$45 -> 5670 | U17: ='9'!$AH$45 -> 5940 | V17: ='10'!$AI$45 -> 5940 | W17: ='11'!$AH$48 -> 5400 | X17: ='12'!$AI$45 -> 6210 | Y17: =SUM(M17:X17) -> 68310
C18: Pessoas com Deficiência | E18: 1122 | F18: 1039 | G18: =Y18 -> 498 | H18: 1791 | I18: 2267 | J18: 1983 | K18: 45 | L18: =SUM(M18:X18) -> 498 | M18: ='1'!$AI$48 -> 0 | N18: ='2'!$AF$48 -> 28 | O18: ='3'!$AI$48 -> 350 | P18: ='4'!$AH$48 -> 120 | Q18: ='5'!$AI$48 -> 0 | R18: ='6'!$AH$48 -> 0 | S18: ='7'!$AI$48 -> 0 | T18: ='8'!$AI$48 -> 0 | U18: ='9'!$AH$48 -> 0 | V18: ='10'!$AI$48 -> 0 | W18: 0 | X18: ='12'!$AI$48 -> 0 | Y18: =SUM(M18:X18) -> 498
B19: UNIDADE | C19: INDICADORES JORGE TEIXEIRA | D19: ANO 2018 | E19: ANO 2019 | F19: ANO 2020 | G19: ANO 2021 | H19: ANO 2022 | I19: ANO 2023 | J19: ANO 2024 | K19: ANO 2025 | L19: ANO 2026 | M19: JAN | N19: FEV | O19: MAR | P19: ABR | Q19: MAI | R19: JUN | S19: JUL | T19: AGO | U19: SET | V19: OUT | W19: NOV | X19: DEZ | Y19: TOTAL 2026
B20: JORGE TEIXEIRA | C20: Novos Cadastros | D20: 0 | E20: 1856 | F20: 1254 | G20: 1935 | H20: 1869 | I20: 214 | J20: 15 | K20: 331 | L20: =SUM(M20:X20) -> 356 | M20: ='1'!$AI$50 -> 77 | N20: ='2'!$AF$50 -> 73 | O20: ='3'!$AI$50 -> 82 | P20: ='4'!$AH$50 -> 99 | Q20: ='5'!AI50 -> 25 | R20: ='6'!$AH$50 -> 0 | S20: ='7'!$AI$50 -> 0 | T20: ='8'!$AI$50 -> 0 | U20: ='9'!$AH$50 -> 0 | V20: ='10'!$AI$50 -> 0 | W20: ='11'!$AH$50 -> 0 | X20: ='12'!$AI$50 -> 0 | Y20: =SUM(M20:X20) -> 356
C21: Pessoas em situação de rua | D21: 0 | E21: 0 | F21: 3114 | G21: 4168 | H21: 12264 | I21: 62 | J21: 16 | K21: 2111 | L21: =SUM(M21:X21) -> 3158 | M21: =SUM('1'!$AI$63:$AI$64) -> 696 | N21: =SUM('2'!$AF$63:$AF$64) -> 608 | O21: =SUM('3'!$AI$63:$AI$64) -> 657 | P21: =SUM('4'!$AH$63:$AH$64) -> 654 | Q21: =SUM('5'!$AI$63:$AI$64) -> 371 | R21: =SUM('6'!$AH$63:$AH$64) -> 172 | S21: =SUM('7'!$AI$63:$AI$64) -> 0 | T21: =SUM('8'!$AI$63:$AI$64) -> 0 | U21: =SUM('9'!$AH$63:$AH$64) -> 0 | V21: =SUM('10'!$AI$63:$AI$64) -> 0 | W21: =SUM('11'!$AH$63:$AH$64) -> 0 | X21: =SUM('12'!$AI$63:$AI$64) -> 0 | Y21: =SUM(M21:X21) -> 3158
C22: Genéricas | E22: - | F22: - | G22: - | H22: - | J22: 32 | K22: 11635 | L22: =SUM(M22:X22) -> 14165 | M22: ='1'!$AI$65 -> 2437 | N22: ='2'!$AF$65 -> 1789 | O22: ='3'!$AI$65 -> 3053 | P22: ='4'!$AH$65 -> 2786 | Q22: ='5'!$AI$65 -> 3087 | R22: ='6'!$AH$65 -> 1013 | S22: ='7'!$AI$65 -> 0 | T22: ='8'!$AI$65 -> 0 | U22: ='9'!$AH$65 -> 0 | V22: ='10'!$AI$65 -> 0 | W22: ='11'!$AH$65 -> 0 | X22: ='12'!$AI$65 -> 0 | Y22: =SUM(M22:X22) -> 14165
C23: Usuários Atendidos (vendidos) | D23: 0 | E23: 24381 | F23: 81112 | G23: 119341 | H23: 120761 | I23: 122984 | J23: 122458 | K23: 105999 | L23: =SUM(M23:X23) -> 43810 | M23: ='1'!$AI$66 -> 7793 | N23: ='2'!$AF$66 -> 6626 | O23: ='3'!$AI$66 -> 8860 | P23: ='4'!$AH$66 -> 8241 | Q23: ='5'!$AI$66 -> 8498 | R23: ='6'!$AH$66 -> 3792 | S23: ='7'!$AI$66 -> 0 | T23: ='8'!$AI$66 -> 0 | U23: ='9'!$AH$66 -> 0 | V23: ='10'!$AI$66 -> 0 | W23: ='11'!AH67 -> 0 | X23: ='12'!$AI$66 -> 0 | Y23: =SUM(M23:X23) -> 43810
C24: Refeições Servidas | D24: 0 | E24: =123930-3774 -> 120156 | F24: 79859 | G24: 119379 | H24: 119126 | I24: 121957 | J24: 121020 | K24: 100065 | L24: =SUM(M24:X24) -> 41092 | M24: ='1'!$AI$67 -> 7600 | N24: ='2'!$AF$67 -> 6376 | O24: ='3'!$AI$67 -> 8422 | P24: ='4'!$AH$67 -> 8041 | Q24: ='5'!$AI$67 -> 7280 | R24: ='6'!$AH$67 -> 3373 | S24: ='7'!$AI$67 -> 0 | T24: ='8'!$AI$67 -> 0 | U24: ='9'!$AH$67 -> 0 | V24: ='10'!$AI$67 -> 0 | W24: ='11'!AH68 -> 0 | X24: ='12'!$AI$67 -> 0 | Y24: =SUM(M24:X24) -> 41092
C25: Refeições Ofertadas | J25: 10500 | K25: 124000 | L25: =SUM(M25:X25) -> 126500 | M25: ='1'!$AI$68 -> 10500 | N25: ='2'!$AF$68 -> 9000 | O25: ='3'!$AI$68 -> 11000 | P25: ='4'!$AH$68 -> 10000 | Q25: ='5'!$AI$68 -> 10000 | R25: ='6'!$AH$68 -> 10500 | S25: ='7'!$AI$68 -> 11500 | T25: ='8'!$AI$68 -> 10500 | U25: ='9'!$AH$68 -> 11000 | V25: ='10'!$AI$68 -> 11000 | W25: ='11'!AH69 -> 10000 | X25: ='12'!$AI$68 -> 11500 | Y25: =SUM(M25:X25) -> 126500
C26: Pessoas com Deficiência | E26: 1468 | F26: 1913 | G26: 2379 | H26: 1632 | I26: 33 | J26: 137 | K26: 673 | L26: =SUM(M26:X26) -> 137 | M26: ='1'!$AI$71 -> 45 | N26: ='2'!$AF$71 -> 46 | O26: ='3'!$AI$71 -> 28 | P26: ='4'!$AH$71 -> 15 | Q26: ='5'!$AI$71 -> 3 | R26: ='6'!$AH$71 -> 0 | S26: ='7'!$AI$71 -> 0 | T26: ='8'!$AI$71 -> 0 | U26: ='9'!$AH$71 -> 0 | V26: ='10'!$AI$71 -> 0 | W26: ='11'!AH72 -> 0 | X26: ='12'!$AI$71 -> 0 | Y26: =SUM(M26:X26) -> 137
B27: UNIDADE | C27: INDICADORES NOVO ISRAEL | D27: ANO 2018 | E27: ANO 2019 | F27: ANO 2020 | G27: ANO 2021 | H27: ANO 2022 | I27: ANO 2023 | J27: ANO 2024 | K27: ANO 2025 | L27: ANO 2026 | M27: JAN | N27: FEV | O27: MAR | P27: ABR | Q27: MAI | R27: JUN | S27: JUL | T27: AGO | U27: SET | V27: OUT | W27: NOV | X27: DEZ | Y27: TOTAL 2026
B28: NOVO ISRAEL | C28: Novos Cadastros | D28: 0 | E28: 1432 | F28: 1175 | G28: 268 | H28: 1641 | I28: 2172 | J28: 567 | K28: 877 | L28: =SUM(M28:X28) -> 473 | M28: ='1'!$AI$73 -> 56 | N28: ='2'!$AF$73 -> 169 | O28: ='3'!$AI$73 -> 187 | P28: ='4'!$AH$73 -> 61 | Q28: ='5'!AI73 -> 0 | R28: ='6'!$AH$73 -> 0 | S28: ='7'!$AI$73 -> 0 | T28: ='8'!$AI$73 -> 0 | U28: ='9'!$AH$73 -> 0 | V28: ='10'!$AI$73 -> 0 | W28: ='11'!$AH$73 -> 0 | X28: ='12'!$AI$73 -> 0 | Y28: =SUM(M28:X28) -> 473
C29: Pessoas em situação de rua | D29: 0 | E29: 0 | F29: 4568 | G29: 36 | H29: 4694 | I29: 6644 | J29: 5543 | K29: 9820 | L29: =SUM(M29:X29) -> 408 | M29: =SUM('1'!$AI$86:$AI$87) -> 74 | N29: =SUM('2'!$AF$86:$AF$87) -> 81 | O29: =SUM('3'!$AI$86:$AI$87) -> 117 | P29: =SUM('4'!$AH$86:$AH$87) -> 68 | Q29: =SUM('5'!$AI$86:$AI$87) -> 31 | R29: =SUM('6'!$AH$86:$AH$87) -> 37 | S29: =SUM('7'!$AI$86:$AI$87) -> 0 | T29: =SUM('8'!$AI$86:$AI$87) -> 0 | U29: =SUM('9'!$AH$86:$AH$87) -> 0 | V29: =SUM('10'!$AI$86:$AI$87) -> 0 | W29: =SUM('11'!$AH$86:$AH$87) -> 0 | X29: =SUM('12'!$AI$86:$AI$87) -> 0 | Y29: =SUM(M29:X29) -> 408
C30: Genéricas | J30: 236 | K30: 12363 | L30: =SUM(M30:X30) -> 14650 | M30: ='1'!$AI$88 -> 2097 | N30: ='2'!$AF$88 -> 1632 | O30: ='3'!$AI$88 -> 2031 | P30: ='4'!$AH$88 -> 3193 | Q30: ='5'!$AI$88 -> 3837 | R30: ='6'!$AH$88 -> 1860 | S30: ='7'!$AI$88 -> 0 | T30: ='8'!$AI$88 -> 0 | U30: ='9'!$AH$88 -> 0 | V30: ='10'!$AI$88 -> 0 | W30: ='11'!$AH$88 -> 0 | X30: ='12'!$AI$88 -> 0 | Y30: =SUM(M30:X30) -> 14650
C31: Usuários Atendidos (vendidos) | D31: 0 | E31: 21164 | F31: 76353 | G31: 108725 | H31: 110150 | I31: 109595 | J31: 105840 | K31: 106712 | L31: =SUM(M31:X31) -> 45105 | M31: ='1'!$AI$89 -> 8624 | N31: ='2'!$AF$89 -> 7268 | O31: ='3'!$AI$89 -> 8811 | P31: ='4'!$AH$89 -> 7966 | Q31: ='5'!$AI$89 -> 8337 | R31: ='6'!$AH$89 -> 4099 | S31: ='7'!$AI$89 -> 0 | T31: ='8'!$AI$89 -> 0 | U31: ='9'!$AH$89 -> 0 | V31: ='10'!$AI$89 -> 0 | W31: ='11'!$AH$89 -> 0 | X31: ='12'!$AI$89 -> 0 | Y31: =SUM(M31:X31) -> 45105
C32: Refeições Servidas | D32: 0 | E32: =124680-3774 -> 120906 | F32: 77929 | G32: 108060 | H32: 107469 | I32: 113267 | J32: 104858 | K32: 103621 | L32: =SUM(M32:X32) -> 43613 | M32: ='1'!$AI$90 -> 8384 | N32: ='2'!$AF$90 -> 7060 | O32: ='3'!$AI$90 -> 8514 | P32: ='4'!$AH$90 -> 7671 | Q32: ='5'!$AI$90 -> 8020 | R32: ='6'!$AH$90 -> 3964 | S32: ='7'!$AI$90 -> 0 | T32: ='8'!$AI$90 -> 0 | U32: ='9'!$AH$90 -> 0 | V32: ='10'!$AI$90 -> 0 | W32: ='11'!$AH$90 -> 0 | X32: ='12'!$AI$90 -> 0 | Y32: =SUM(M32:X32) -> 43613
C33: Refeições Ofertadas | J33: 9295 | K33: 114200 | L33: =SUM(M33:X33) -> 113850 | M33: ='1'!$AI$91 -> 9450 | N33: ='2'!$AF$91 -> 8100 | O33: ='3'!$AI$91 -> 9900 | P33: ='4'!$AH$91 -> 9000 | Q33: ='5'!$AI$91 -> 9000 | R33: ='6'!$AH$91 -> 9450 | S33: ='7'!$AI$91 -> 10350 | T33: ='8'!$AI$91 -> 9450 | U33: ='9'!$AH$91 -> 9900 | V33: ='10'!$AI$91 -> 9900 | W33: ='11'!$AH$92 -> 9000 | X33: ='12'!$AI$91 -> 10350 | Y33: =SUM(M33:X33) -> 113850
C34: Pessoas com Deficiência | E34: 2832 | F34: 2957 | G34: 2733 | H34: 1522 | I34: 3976 | J34: 1777 | K34: 2675 | L34: =SUM(M34:X34) -> 988 | M34: ='1'!$AI$94 -> 195 | N34: ='2'!$AF$94 -> 456 | O34: ='3'!$AI$94 -> 184 | P34: ='4'!$AH$94 -> 153 | Q34: ='5'!$AI$94 -> 0 | R34: ='6'!$AH$94 -> 0 | S34: ='7'!$AI$94 -> 0 | T34: ='8'!$AI$94 -> 0 | U34: ='9'!$AH$94 -> 0 | V34: ='10'!$AI$94 -> 0 | W34: ='11'!$AH$95 -> 0 | X34: ='12'!$AI$94 -> 0 | Y34: =SUM(M34:X34) -> 988
B35: UNIDADE | C35: INDICADORES ALVORADA | D35: ANO 2018 | E35: ANO 2019 | F35: ANO 2020 | G35: ANO 2021 | H35: ANO 2022 | I35: ANO 2023 | J35: ANO 2024 | K35: ANO 2025 | L35: ANO 2026 | M35: JAN | N35: FEV | O35: MAR | P35: ABR | Q35: MAI | R35: JUN | S35: JUL | T35: AGO | U35: SET | V35: OUT | W35: NOV | X35: DEZ | Y35: TOTAL 2026
B36: ALVORADA Inaugurado 31/03/2022 | C36: Novos Cadastros | D36: 0 | E36: 0 | F36: 0 | G36: 0 | H36: 172 | I36: 1485 | J36: 251 | K36: 280 | L36: =SUM(M36:X36) -> 359 | M36: ='1'!$AI$96 -> 210 | N36: ='2'!$AF$96 -> 69 | O36: ='3'!$AI$96 -> 56 | P36: ='4'!$AH$96 -> 24 | Q36: ='5'!AI96 -> 0 | R36: ='6'!$AH$96 -> 0 | S36: ='7'!$AI$96 -> 0 | T36: ='8'!$AI$96 -> 0 | U36: ='9'!$AH$96 -> 0 | V36: ='10'!$AI$96 -> 0 | W36: ='11'!$AH$96 -> 0 | X36: ='12'!$AI$96 -> 0 | Y36: =SUM(M36:X36) -> 359
C37: Pessoas em situação de rua | D37: 0 | E37: 0 | F37: 0 | G37: 0 | H37: 854 | I37: 3219 | J37: 33 | K37: 1135 | L37: =SUM(M37:X37) -> 1879 | M37: =SUM('1'!$AI$109:$AI$110) -> 336 | N37: =SUM('2'!$AF$109:$AF$110) -> 388 | O37: =SUM('3'!$AI$109:$AI$110) -> 410 | P37: =SUM('4'!$AH$109:$AH$110) -> 242 | Q37: =SUM('5'!$AI$109:$AI$110) -> 298 | R37: =SUM('6'!$AH$109:$AH$110) -> 205 | S37: =SUM('7'!$AI$109:$AI$110) -> 0 | T37: =SUM('8'!$AI$109:$AI$110) -> 0 | U37: =SUM('9'!$AH$109:$AH$110) -> 0 | V37: =SUM('10'!$AI$109:$AI$110) -> 0 | W37: =SUM('11'!$AH$109:$AH$110) -> 0 | X37: =SUM('12'!$AI$109:$AI$110) -> 0 | Y37: =SUM(M37:X37) -> 1879
C38: Genéricas | E38: - | F38: - | G38: - | H38: - | J38: 116 | K38: 2541 | L38: =SUM(M38:X38) -> 1334 | M38: ='1'!$AI$111 -> 414 | N38: ='2'!$AF$111 -> 313 | O38: ='3'!$AI$111 -> 297 | P38: ='4'!$AH$111 -> 210 | Q38: ='5'!$AI$111 -> 83 | R38: ='6'!$AH$111 -> 17 | S38: ='7'!$AI$111 -> 0 | T38: ='8'!$AI$111 -> 0 | U38: ='9'!$AH$111 -> 0 | V38: ='10'!$AI$111 -> 0 | W38: ='11'!$AH$111 -> 0 | X38: ='12'!$AI$111 -> 0 | Y38: =SUM(M38:X38) -> 1334
C39: Usuários Atendidos (vendidos) | D39: 0 | E39: 0 | F39: 0 | G39: 0 | H39: 72385 | I39: 94071 | J39: 89152 | K39: 91092 | L39: =SUM(M39:X39) -> 37020 | M39: ='1'!$AI$112 -> 7033 | N39: ='2'!$AF$112 -> 5975 | O39: ='3'!$AI$112 -> 7559 | P39: ='4'!$AH$112 -> 6450 | Q39: ='5'!$AI$112 -> 6687 | R39: ='6'!$AH$112 -> 3316 | S39: ='7'!$AI$112 -> 0 | T39: ='8'!$AI$112 -> 0 | U39: ='9'!$AH$112 -> 0 | V39: ='10'!$AI$112 -> 0 | W39: ='11'!$AH$112 -> 0 | X39: ='12'!$AI$112 -> 0 | Y39: =SUM(M39:X39) -> 37020
C40: Refeições Servidas | D40: 0 | E40: 0 | F40: 0 | G40: 0 | H40: 69616 | I40: 89962 | J40: 86041 | K40: 90753 | L40: =SUM(M40:X40) -> 36947 | M40: ='1'!$AI$113 -> 7004 | N40: ='2'!$AF$113 -> 5947 | O40: ='3'!$AI$113 -> 7548 | P40: ='4'!$AH$113 -> 6446 | Q40: ='5'!$AI$113 -> 6686 | R40: ='6'!$AH$113 -> 3316 | S40: ='7'!$AI$113 -> 0 | T40: ='8'!$AI$113 -> 0 | U40: ='9'!$AH$113 -> 0 | V40: ='10'!$AI$113 -> 0 | W40: ='11'!$AH$113 -> 0 | X40: ='12'!$AI$113 -> 0 | Y40: =SUM(M40:X40) -> 36947
C41: Refeições Ofertadas | J41: 8000 | K41: 99200 | L41: =SUM(M41:X41) -> 101200 | M41: ='1'!$AI$114 -> 8400 | N41: ='2'!$AF$114 -> 7200 | O41: ='3'!$AI$114 -> 8800 | P41: ='4'!$AH$114 -> 8000 | Q41: ='5'!$AI$114 -> 8000 | R41: ='6'!$AH$114 -> 8400 | S41: ='7'!$AI$114 -> 9200 | T41: ='8'!$AI$114 -> 8400 | U41: ='9'!$AH$114 -> 8800 | V41: ='10'!$AI$114 -> 8800 | W41: ='11'!AH115 -> 8000 | X41: ='12'!$AI$114 -> 9200 | Y41: =SUM(M41:X41) -> 101200
C42: Pessoas com Deficiência | E42: 0 | F42: 0 | G42: 0 | H42: 381 | I42: 845 | J42: 417 | K42: 724 | L42: =SUM(M42:X42) -> 344 | M42: ='1'!$AI$117 -> 31 | N42: ='2'!$AF$117 -> 33 | O42: ='3'!$AI$117 -> 59 | P42: ='4'!$AH$117 -> 221 | Q42: ='5'!$AI$117 -> 0 | R42: ='6'!$AH$117 -> 0 | S42: ='7'!$AI$117 -> 0 | T42: ='8'!$AI$117 -> 0 | U42: ='9'!$AH$117 -> 0 | V42: ='10'!$AI$117 -> 0 | W42: ='11'!$AI$117 -> 0 | X42: ='12'!$AI$117 -> 0 | Y42: =SUM(M42:X42) -> 344
B43: UNIDADE | C43: INDICADORES MAUAZINHO | D43: ANO 2018 | E43: ANO 2019 | F43: ANO 2020 | G43: ANO 2021 | H43: ANO 2022 | I43: ANO 2023 | J43: ANO 2024 | K43: ANO 2025 | L43: ANO 2026 | M43: JAN | N43: FEV | O43: MAR | P43: ABR | Q43: MAI | R43: JUN | S43: JUL | T43: AGO | U43: SET | V43: OUT | W43: NOV | X43: DEZ | Y43: TOTAL 2026
B44: MAUAZINHO Inaugurado 06/05/2022 | C44: Novos Cadastros | D44: 0 | E44: 0 | F44: 0 | G44: 0 | H44: 361 | I44: 454 | J44: 1809 | K44: 893 | L44: =SUM(M44:X44) -> 264 | M44: ='1'!$AI$119 -> 35 | N44: ='2'!$AF$119 -> 4 | O44: ='3'!$AI$119 -> 93 | P44: ='4'!$AH$119 -> 132 | Q44: ='5'!AI119 -> 0 | R44: ='6'!$AH$119 -> 0 | S44: ='7'!$AI$119 -> 0 | T44: ='8'!$AI$119 -> 0 | U44: ='9'!$AH$119 -> 0 | V44: ='10'!$AI$119 -> 0 | W44: ='11'!$AH$119 -> 0 | X44: ='12'!$AI$119 -> 0 | Y44: =SUM(M44:X44) -> 264
C45: Pessoas em situação de rua | D45: 0 | E45: 0 | F45: 0 | G45: 0 | H45: 15132 | I45: 861 | J45: 618 | K45: 2245 | L45: =SUM(M45:X45) -> 1591 | M45: =SUM('1'!$AI$132:$AI$133) -> 350 | N45: =SUM('2'!$AF$132:$AF$133) -> 300 | O45: =SUM('3'!$AI$132:$AI$133) -> 347 | P45: =SUM('4'!$AH$132:$AH$133) -> 284 | Q45: =SUM('5'!$AI$132:$AI$133) -> 202 | R45: =SUM('6'!$AH$132:$AH$133) -> 108 | S45: =SUM('7'!$AI$132:$AI$133) -> 0 | T45: =SUM('8'!$AI$132:$AI$133) -> 0 | U45: =SUM('9'!$AH$132:$AH$133) -> 0 | V45: =SUM('10'!$AI$132:$AI$133) -> 0 | W45: =SUM('11'!$AH$132:$AH$133) -> 0 | X45: =SUM('12'!$AI$132:$AI$133) -> 0 | Y45: =SUM(M45:X45) -> 1591
C46: Genéricas | E46: - | F46: - | G46: - | H46: - | J46: 3 | K46: 561 | L46: =SUM(M46:X46) -> 598 | M46: ='1'!$AI$134 -> 148 | N46: ='2'!$AF$134 -> 131 | O46: ='3'!$AI$134 -> 149 | P46: ='4'!$AH$134 -> 100 | Q46: ='5'!$AI$134 -> 68 | R46: ='6'!$AH$134 -> 2 | S46: ='7'!$AI$134 -> 0 | T46: ='8'!$AI$134 -> 0 | U46: ='9'!$AH$134 -> 0 | V46: ='10'!$AI$134 -> 0 | W46: ='11'!$AH$134 -> 0 | X46: ='12'!$AI$134 -> 0 | Y46: =SUM(M46:X46) -> 598
C47: Usuários Atendidos (vendidos) | D47: 0 | E47: 0 | F47: 0 | G47: 0 | H47: 60698 | I47: 92447 | J47: 79154 | K47: 81426 | L47: =SUM(M47:X47) -> 42201 | M47: ='1'!$AI$135 -> 8359 | N47: ='2'!$AF$135 -> 7090 | O47: ='3'!$AI$135 -> 8517 | P47: ='4'!$AH$135 -> 7205 | Q47: ='5'!$AI$135 -> 7453 | R47: ='6'!$AH$135 -> 3577 | S47: ='7'!$AI$135 -> 0 | T47: ='8'!$AI$135 -> 0 | U47: ='9'!$AH$135 -> 0 | V47: ='10'!$AI$135 -> 0 | W47: ='11'!$AH$135 -> 0 | X47: ='12'!$AI$135 -> 0 | Y47: =SUM(M47:X47) -> 42201
C48: Refeições Servidas | D48: 0 | E48: 0 | F48: 0 | G48: 0 | H48: 60279 | I48: 87419 | J48: 79316 | K48: 78053 | L48: =SUM(M48:X48) -> 40882 | M48: ='1'!$AI$136 -> 8174 | N48: ='2'!$AF$136 -> 6742 | O48: ='3'!$AI$136 -> 8276 | P48: ='4'!$AH$136 -> 6968 | Q48: ='5'!$AI$136 -> 7260 | R48: ='6'!$AH$136 -> 3462 | S48: ='7'!$AI$136 -> 0 | T48: ='8'!$AI$136 -> 0 | U48: ='9'!$AH$136 -> 0 | V48: ='10'!$AI$136 -> 0 | W48: ='11'!$AH$136 -> 0 | X48: ='12'!$AI$136 -> 0 | Y48: =SUM(M48:X48) -> 40882
C49: Refeições Ofertadas | J49: 8400 | K49: 99000 | L49: =SUM(M49:X49) -> 101200 | M49: ='1'!$AI$137 -> 8400 | N49: ='2'!$AF$137 -> 7200 | O49: ='3'!$AI$137 -> 8800 | P49: ='4'!$AH$137 -> 8000 | Q49: ='5'!$AI$137 -> 8000 | R49: ='6'!$AH$137 -> 8400 | S49: ='7'!$AI$137 -> 9200 | T49: ='8'!$AI$137 -> 8400 | U49: ='9'!$AH$137 -> 8800 | V49: ='10'!$AI$137 -> 8800 | W49: ='11'!AH138 -> 8000 | X49: ='12'!$AI$137 -> 9200 | Y49: =SUM(M49:X49) -> 101200
C50: Pessoas com Deficiência | E50: 0 | F50: 0 | G50: 0 | H50: 676 | I50: 2285 | J50: 103 | K50: 2657 | L50: =SUM(M50:X50) -> 1510 | M50: ='1'!$AI$140 -> 371 | N50: ='2'!$AF$140 -> 319 | O50: ='3'!$AI$140 -> 412 | P50: ='4'!$AH$140 -> 373 | Q50: ='5'!$AI$140 -> 35 | R50: ='6'!$AH$140 -> 0 | S50: ='7'!$AI$140 -> 0 | T50: ='8'!$AI$140 -> 0 | U50: ='9'!$AH$140 -> 0 | V50: ='10'!$AI$140 -> 0 | W50: ='11'!$AH$141 -> 0 | X50: ='12'!$AI$140 -> 0 | Y50: =SUM(M50:X50) -> 1510
B51: UNIDADE | C51: INDICADORES RIACHO DOCE | D51: ANO 2018 | E51: ANO 2019 | F51: ANO 2020 | G51: ANO 2021 | H51: ANO 2022 | I51: ANO 2023 | J51: ANO 2024 | K51: ANO 2025 | L51: ANO 2026 | M51: JAN | N51: FEV | O51: MAR | P51: ABR | Q51: MAI | R51: JUN | S51: JUL | T51: AGO | U51: SET | V51: OUT | W51: NOV | X51: DEZ | Y51: TOTAL 2026
B52: RIACHO DOCE Inaugurado 08/06/2022 | C52: Novos Cadastros | D52: 0 | E52: 0 | F52: 0 | G52: 0 | H52: 1091 | I52: 52 | J52: 0 | K52: 641 | L52: =SUM(M52:X52) -> 113 | M52: ='1'!$AI$142 -> 17 | N52: ='2'!$AF$142 -> 14 | O52: ='3'!$AI$142 -> 9 | P52: ='4'!$AH$142 -> 73 | Q52: ='5'!AI142 -> 0 | R52: ='6'!$AH$142 -> 0 | S52: ='7'!$AI$142 -> 0 | T52: ='8'!$AI$142 -> 0 | U52: ='9'!$AH$142 -> 0 | V52: ='10'!$AI$142 -> 0 | W52: ='11'!$AH$142 -> 0 | X52: ='12'!$AI$142 -> 0 | Y52: =SUM(M52:X52) -> 113
C53: Pessoas em situação de rua | D53: 0 | E53: 0 | F53: 0 | G53: 0 | H53: 4274 | I53: 1 | J53: 264 | K53: 1115 | L53: =SUM(M53:X53) -> 1480 | M53: =SUM('1'!$AI$155:$AI$156) -> 267 | N53: =SUM('2'!$AF$155:$AF$156) -> 226 | O53: =SUM('3'!$AI$155:$AI$156) -> 303 | P53: =SUM('4'!$AH$155:$AH$156) -> 302 | Q53: =SUM('5'!$AI$155:$AI$156) -> 245 | R53: =SUM('6'!$AH$155:$AH$156) -> 137 | S53: =SUM('7'!$AI$155:$AI$156) -> 0 | T53: =SUM('8'!$AI$155:$AI$156) -> 0 | U53: =SUM('9'!$AH$155:$AH$156) -> 0 | V53: =SUM('10'!$AI$155:$AI$156) -> 0 | W53: =SUM('11'!$AH$155:$AH$156) -> 0 | X53: =SUM('12'!$AI$155:$AI$156) -> 0 | Y53: =SUM(M53:X53) -> 1480
C54: Genéricas | E54: - | F54: - | G54: - | H54: - | J54: 0 | K54: 892 | L54: =SUM(M54:X54) -> 798 | M54: ='1'!$AI$157 -> 162 | N54: ='2'!$AF$157 -> 125 | O54: ='3'!$AI$157 -> 184 | P54: ='4'!$AH$157 -> 158 | Q54: ='5'!$AI$157 -> 39 | R54: ='6'!$AH$157 -> 130 | S54: ='7'!$AI$157 -> 0 | T54: ='8'!$AI$157 -> 0 | U54: ='9'!$AH$157 -> 0 | V54: ='10'!$AI$157 -> 0 | W54: ='11'!$AH$157 -> 0 | X54: ='12'!$AI$157 -> 0 | Y54: =SUM(M54:X54) -> 798
C55: Usuários Atendidos (vendidos) | D55: 0 | E55: 0 | F55: 0 | G55: 0 | H55: 54533 | I55: 97893 | J55: 90408 | K55: 85673 | L55: =SUM(M55:X55) -> 35512 | M55: ='1'!$AI$158 -> 6699 | N55: ='2'!$AF$158 -> 5511 | O55: ='3'!$AI$158 -> 7218 | P55: ='4'!$AH$158 -> 6728 | Q55: ='5'!$AI$158 -> 6577 | R55: ='6'!$AH$158 -> 2779 | S55: ='7'!$AI$158 -> 0 | T55: ='8'!$AI$158 -> 0 | U55: ='9'!$AH$158 -> 0 | V55: ='10'!$AI$158 -> 0 | W55: ='11'!$AH$158 -> 0 | X55: ='12'!$AI$158 -> 0 | Y55: =SUM(M55:X55) -> 35512
C56: Refeições Servidas | D56: 0 | E56: 0 | F56: 0 | G56: 0 | H56: 53683 | I56: 96353 | J56: 88151 | K56: 83893 | L56: =SUM(M56:X56) -> 34802 | M56: ='1'!$AI$159 -> 6613 | N56: ='2'!$AF$159 -> 5385 | O56: ='3'!$AI$159 -> 7072 | P56: ='4'!$AH$159 -> 6565 | Q56: ='5'!$AI$159 -> 6449 | R56: ='6'!$AH$159 -> 2718 | S56: ='7'!$AI$159 -> 0 | T56: ='8'!$AI$159 -> 0 | U56: ='9'!$AH$159 -> 0 | V56: ='10'!$AI$159 -> 0 | W56: ='11'!$AH$159 -> 0 | X56: ='12'!$AI$159 -> 0 | Y56: =SUM(M56:X56) -> 34802
C57: Refeições Ofertadas | J57: 8000 | K57: 98800 | L57: =SUM(M57:X57) -> 100800 | M57: ='1'!$AI$160 -> 8000 | N57: ='2'!$AF$160 -> 7200 | O57: ='3'!$AI$160 -> 8800 | P57: ='4'!$AH$160 -> 8000 | Q57: ='5'!$AI$160 -> 8000 | R57: ='6'!$AH$160 -> 8400 | S57: ='7'!$AI$160 -> 9200 | T57: ='8'!$AI$160 -> 8400 | U57: ='9'!$AH$160 -> 8800 | V57: ='10'!$AI$160 -> 8800 | W57: ='11'!$AH$161 -> 8000 | X57: ='12'!$AI$160 -> 9200 | Y57: =SUM(M57:X57) -> 100800
C58: Pessoas com Deficiência | E58: 0 | F58: 0 | G58: 0 | H58: 1557 | I58: 425 | J58: 112 | K58: 345 | L58: =SUM(M58:X58) -> 241 | M58: ='1'!$AI$163 -> 20 | N58: ='2'!$AF$163 -> 12 | O58: ='3'!$AI$163 -> 196 | P58: ='4'!$AH$163 -> 13 | Q58: ='5'!$AI$163 -> 0 | R58: ='6'!$AH$163 -> 0 | S58: ='7'!$AI$163 -> 0 | T58: ='8'!$AI$163 -> 0 | U58: ='9'!$AH$163 -> 0 | V58: ='10'!$AI$163 -> 0 | W58: ='11'!$AH$164 -> 0 | X58: ='12'!$AI$163 -> 0 | Y58: =SUM(M58:X58) -> 241
B59: UNIDADE | C59: INDICADORES SÃO JOSÉ | D59: ANO 2018 | E59: ANO 2019 | F59: ANO 2020 | G59: ANO 2021 | H59: ANO 2022 | I59: ANO 2023 | J59: ANO 2024 | K59: ANO 2025 | L59: ANO 2026 | M59: JAN | N59: FEV | O59: MAR | P59: ABR | Q59: MAI | R59: JUN | S59: JUL | T59: AGO | U59: SET | V59: OUT | W59: NOV | X59: DEZ | Y59: TOTAL 2026
B60: SÃO JOSÉ Inaugurado 22/06/2022 | C60: Novos Cadastros | D60: 0 | E60: 0 | F60: 0 | G60: 0 | H60: 1214 | I60: 1212 | J60: 851 | K60: 1443 | L60: =SUM(M60:X60) -> 137 | M60: ='1'!$AI$165 -> 28 | N60: ='2'!$AF$165 -> 45 | O60: ='3'!$AI$165 -> 22 | P60: ='4'!$AH$165 -> 42 | Q60: ='5'!AI165 -> 0 | R60: ='6'!$AH$165 -> 0 | S60: ='7'!$AI$165 -> 0 | T60: ='8'!$AI$165 -> 0 | U60: ='9'!$AH$165 -> 0 | V60: ='10'!$AI$165 -> 0 | W60: ='11'!$AH$165 -> 0 | X60: ='12'!$AI$165 -> 0 | Y60: =SUM(M60:X60) -> 137
C61: Pessoas em situação de rua | D61: 0 | E61: 0 | F61: 0 | G61: 0 | H61: 2768 | I61: 82 | J61: 28474 | K61: 2606 | L61: =SUM(M61:X61) -> 870 | M61: =SUM('1'!$AI$178:$AI$179) -> 101 | N61: =SUM('2'!$AF$178:$AF$179) -> 103 | O61: =SUM('3'!$AI$178:$AI$179) -> 104 | P61: =SUM('4'!$AH$178:$AH$179) -> 81 | Q61: =SUM('5'!$AI$178:$AI$179) -> 274 | R61: =SUM('6'!$AH$178:$AH$179) -> 207 | S61: =SUM('7'!$AI$178:$AI$179) -> 0 | T61: =SUM('8'!$AI$178:$AI$179) -> 0 | U61: =SUM('9'!$AH$178:$AH$179) -> 0 | V61: =SUM('10'!$AI$178:$AI$179) -> 0 | W61: =SUM('11'!$AH$178:$AH$179) -> 0 | X61: =SUM('12'!$AI$178:$AI$179) -> 0 | Y61: =SUM(M61:X61) -> 870
C62: Genéricas | E62: - | F62: - | G62: - | H62: - | J62: 2802 | K62: 20582 | L62: =SUM(M62:X62) -> 2701 | M62: ='1'!$AI$180 -> 237 | N62: ='2'!$AF$180 -> 208 | O62: ='3'!$AI$180 -> 256 | P62: ='4'!$AH$180 -> 240 | Q62: ='5'!$AI$180 -> 1130 | R62: ='6'!$AH$180 -> 630 | S62: ='7'!$AI$180 -> 0 | T62: ='8'!$AI$180 -> 0 | U62: ='9'!$AH$180 -> 0 | V62: ='10'!$AI$180 -> 0 | W62: ='11'!$AH$180 -> 0 | X62: ='12'!$AI$180 -> 0 | Y62: =SUM(M62:X62) -> 2701
C63: Usuários Atendidos (vendidos) | D63: 0 | E63: 0 | F63: 0 | G63: 0 | H63: 48678 | I63: 93626 | J63: 87543 | K63: 92417 | L63: =SUM(M63:X63) -> 39483 | M63: ='1'!$AI$181 -> 7845 | N63: ='2'!$AF$181 -> 6549 | O63: ='3'!$AI$181 -> 8443 | P63: ='4'!$AH$181 -> 7109 | Q63: ='5'!$AI$181 -> 6130 | R63: ='6'!$AH$181 -> 3407 | S63: ='7'!$AI$181 -> 0 | T63: ='8'!$AI$181 -> 0 | U63: ='9'!$AH$181 -> 0 | V63: ='10'!$AI$181 -> 0 | W63: ='11'!$AH$181 -> 0 | X63: ='12'!$AI$181 -> 0 | Y63: =SUM(M63:X63) -> 39483
C64: Refeições Servidas | D64: 0 | E64: 0 | F64: 0 | G64: 0 | H64: 46680 | I64: 93083 | J64: 84765 | K64: 90125 | L64: =SUM(M64:X64) -> 38972 | M64: ='1'!$AI$182 -> 7737 | N64: ='2'!$AF$182 -> 6479 | O64: ='3'!$AI$182 -> 8368 | P64: ='4'!$AH$182 -> 7039 | Q64: ='5'!$AI$182 -> 5992 | R64: ='6'!$AH$182 -> 3357 | S64: ='7'!$AI$182 -> 0 | T64: ='8'!$AI$182 -> 0 | U64: ='9'!$AH$182 -> 0 | V64: ='10'!$AI$182 -> 0 | W64: ='11'!$AH$182 -> 0 | X64: ='12'!$AI$182 -> 0 | Y64: =SUM(M64:X64) -> 38972
C65: Refeições Ofertadas | J65: 8400 | K65: 98800 | L65: =SUM(M65:X65) -> 101200 | M65: ='1'!$AI$183 -> 8400 | N65: ='2'!$AF$183 -> 7200 | O65: ='3'!$AI$183 -> 8800 | P65: ='4'!$AH$183 -> 8000 | Q65: ='5'!$AI$183 -> 8000 | R65: ='6'!$AH$183 -> 8400 | S65: ='7'!$AI$183 -> 9200 | T65: ='8'!$AI$183 -> 8400 | U65: ='9'!$AH$183 -> 8800 | V65: ='10'!$AI$183 -> 8800 | W65: ='11'!$AH$184 -> 8000 | X65: ='12'!$AI$183 -> 9200 | Y65: =SUM(M65:X65) -> 101200
C66: Pessoas com Deficiência | E66: 0 | F66: 0 | G66: 0 | H66: 131 | I66: 1704 | J66: 401 | K66: 2581 | L66: =SUM(M66:X66) -> 1095 | M66: ='1'!$AI$186 -> 263 | N66: ='2'!$AF$186 -> 281 | O66: ='3'!$AI$186 -> 314 | P66: ='4'!$AH$186 -> 237 | Q66: ='5'!$AI$186 -> 0 | R66: ='6'!$AH$186 -> 0 | S66: ='7'!$AI$186 -> 0 | T66: ='8'!$AI$186 -> 0 | U66: ='9'!$AH$186 -> 0 | V66: ='10'!$AI$186 -> 0 | W66: ='11'!$AH$187 -> 0 | X66: ='12'!$AI$186 -> 0 | Y66: =SUM(M66:X66) -> 1095
B67: UNIDADE | C67: INDICADORES VIVER MELHOR | D67: ANO 2018 | E67: ANO 2019 | F67: ANO 2020 | G67: ANO 2021 | H67: ANO 2022 | I67: ANO 2023 | J67: ANO 2024 | K67: ANO 2025 | L67: ANO 2026 | M67: JAN | N67: FEV | O67: MAR | P67: ABR | Q67: MAI | R67: JUN | S67: JUL | T67: AGO | U67: SET | V67: OUT | W67: NOV | X67: DEZ | Y67: TOTAL 2026
B68: VIVER MELHOR Inaugurado 02/08/2022 | C68: Novos Cadastros | D68: 0 | E68: 0 | F68: 0 | G68: 0 | H68: 1128 | I68: 233 | J68: 755 | K68: 611 | L68: =SUM(M68:X68) -> 98 | M68: ='1'!$AI$188 -> 17 | N68: ='2'!$AF$188 -> 7 | O68: ='3'!$AI$188 -> 40 | P68: ='4'!$AH$188 -> 34 | Q68: ='5'!AI188 -> 0 | R68: ='6'!$AH$188 -> 0 | S68: ='7'!$AI$188 -> 0 | T68: ='8'!$AI$188 -> 0 | U68: ='9'!$AH$188 -> 0 | V68: ='10'!$AI$188 -> 0 | W68: ='11'!$AH$188 -> 0 | X68: ='12'!$AI$188 -> 0 | Y68: =SUM(M68:X68) -> 98
C69: Pessoas em situação de rua | D69: 0 | E69: 0 | F69: 0 | G69: 0 | H69: 6661 | I69: 1355 | J69: 582 | K69: 777 | L69: =SUM(M69:X69) -> 272 | M69: =SUM('1'!$AI$201:$AI$202) -> 37 | N69: =SUM('2'!$AF$201:$AF$202) -> 62 | O69: =SUM('3'!$AI$201:$AI$202) -> 97 | P69: =SUM('4'!$AH$201:$AH$202) -> 25 | Q69: =SUM('5'!$AI$201:$AI$202) -> 24 | R69: =SUM('6'!$AH$201:$AH$202) -> 27 | S69: =SUM('7'!$AI$201:$AI$202) -> 0 | T69: =SUM('8'!$AI$201:$AI$202) -> 0 | U69: =SUM('9'!$AH$201:$AH$202) -> 0 | V69: =SUM('10'!$AI$201:$AI$202) -> 0 | W69: =SUM('11'!$AH$201:$AH$202) -> 0 | X69: =SUM('12'!$AI$201:$AI$202) -> 0 | Y69: =SUM(M69:X69) -> 272
C70: Genéricas | E70: - | F70: - | G70: - | H70: - | J70: 1 | K70: 776 | L70: =SUM(M70:X70) -> 2979 | M70: ='1'!$AI$203 -> 71 | N70: ='2'!$AF$203 -> 85 | O70: ='3'!$AI$203 -> 125 | P70: ='4'!$AH$203 -> 205 | Q70: ='5'!$AI$203 -> 1475 | R70: ='6'!$AH$203 -> 1018 | S70: ='7'!$AI$203 -> 0 | T70: ='8'!$AI$203 -> 0 | U70: ='9'!$AH$203 -> 0 | V70: ='10'!$AI$203 -> 0 | W70: ='11'!$AH$203 -> 0 | X70: ='12'!$AI$203 -> 0 | Y70: =SUM(M70:X70) -> 2979
C71: Usuários Atendidos (vendidos) | D71: 0 | E71: 0 | F71: 0 | G71: 0 | H71: 38793 | I71: 95751 | J71: 76781 | K71: 76104 | L71: =SUM(M71:X71) -> 32055 | M71: ='1'!$AI$204 -> 5702 | N71: ='2'!$AF$204 -> 4715 | O71: ='3'!$AI$204 -> 6430 | P71: ='4'!$AH$204 -> 6102 | Q71: ='5'!$AI$204 -> 6228 | R71: ='6'!$AH$204 -> 2878 | S71: ='7'!$AI$204 -> 0 | T71: ='8'!$AI$204 -> 0 | U71: ='9'!$AH$204 -> 0 | V71: ='10'!$AI$204 -> 0 | W71: ='11'!$AH$204 -> 0 | X71: ='12'!$AI$204 -> 0 | Y71: =SUM(M71:X71) -> 32055
C72: Refeições Servidas | D72: 0 | E72: 0 | F72: 0 | G72: 0 | H72: 39083 | I72: 92961 | J72: 74528 | K72: 75770 | L72: =SUM(M72:X72) -> 31597 | M72: ='1'!$AI$205 -> 5523 | N72: ='2'!$AF$205 -> 4715 | O72: ='3'!$AI$205 -> 6430 | P72: ='4'!$AH$205 -> 5823 | Q72: ='5'!$AI$205 -> 6228 | R72: ='6'!$AH$205 -> 2878 | S72: ='7'!$AI$205 -> 0 | T72: ='8'!$AI$205 -> 0 | U72: ='9'!$AH$205 -> 0 | V72: ='10'!$AI$205 -> 0 | W72: ='11'!$AH$205 -> 0 | X72: ='12'!$AI$205 -> 0 | Y72: =SUM(M72:X72) -> 31597
C73: Refeições Ofertadas | J73: 8400 | K73: 99200 | L73: =SUM(M73:X73) -> 101200 | M73: ='1'!$AI$206 -> 8400 | N73: ='2'!$AF$206 -> 7200 | O73: ='3'!$AI$206 -> 8800 | P73: ='4'!$AH$206 -> 8000 | Q73: ='5'!$AI$206 -> 8000 | R73: ='6'!$AH$206 -> 8400 | S73: ='7'!$AI$206 -> 9200 | T73: ='8'!$AI$206 -> 8400 | U73: ='9'!$AH$206 -> 8800 | V73: ='10'!$AI$206 -> 8800 | W73: ='11'!$AH$207 -> 8000 | X73: ='12'!$AI$206 -> 9200 | Y73: =SUM(M73:X73) -> 101200
C74: Pessoas com Deficiência | E74: 0 | F74: 0 | G74: 0 | H74: 2435 | I74: 877 | J74: 8 | K74: 164 | L74: =SUM(M74:X74) -> 17 | M74: ='1'!$AI$209 -> 6 | N74: ='2'!$AF$209 -> 3 | O74: ='3'!$AI$209 -> 5 | P74: ='4'!$AH$209 -> 3 | Q74: ='5'!$AI$209 -> 0 | R74: ='6'!$AH$209 -> 0 | S74: ='7'!$AI$209 -> 0 | T74: ='8'!$AI$209 -> 0 | U74: ='9'!$AH$209 -> 0 | V74: ='10'!$AI$209 -> 0 | W74: ='11'!$AH$210 -> 0 | X74: ='12'!$AI$209 -> 0 | Y74: =SUM(M74:X74) -> 17
B75: UNIDADE | C75: INDICADORES JESUS ME DEU | D75: ANO 2018 | E75: ANO 2019 | F75: ANO 2020 | G75: ANO 2021 | H75: ANO 2022 | I75: ANO 2023 | J75: ANO 2024 | K75: ANO 2025 | L75: ANO 2026 | M75: JAN | N75: FEV | O75: MAR | P75: ABR | Q75: MAI | R75: JUN | S75: JUL | T75: AGO | U75: SET | V75: OUT | W75: NOV | X75: DEZ | Y75: TOTAL 2026
B76: JESUS ME DEU Inaugurado 05/08/2022 | C76: Novos Cadastros | D76: 0 | E76: 0 | F76: 0 | G76: 0 | H76: 567 | I76: 2602 | J76: 1132 | K76: 651 | L76: =SUM(M76:X76) -> 414 | M76: ='1'!$AI$211 -> 77 | N76: ='2'!$AF$211 -> 144 | O76: ='3'!$AI$211 -> 124 | P76: ='4'!$AH$211 -> 58 | Q76: ='5'!AI211 -> 11 | R76: ='6'!$AH$211 -> 0 | S76: ='7'!$AI$211 -> 0 | T76: ='8'!$AI$211 -> 0 | U76: ='9'!$AH$211 -> 0 | V76: ='10'!$AI$211 -> 0 | W76: ='11'!$AH$211 -> 0 | X76: ='12'!$AI$211 -> 0 | Y76: =SUM(M76:X76) -> 414
C77: Pessoas em situação de rua | D77: 0 | E77: 0 | F77: 0 | G77: 0 | H77: 4056 | I77: 6450 | J77: 5475 | K77: 744 | L77: =SUM(M77:X77) -> 1932 | M77: =SUM('1'!$AI$224:$AI$225) -> 147 | N77: =SUM('2'!$AF$224:$AF$225) -> 341 | O77: =SUM('3'!$AI$224:$AI$225) -> 439 | P77: =SUM('4'!$AH$224:$AH$225) -> 530 | Q77: =SUM('5'!$AI$224:$AI$225) -> 205 | R77: =SUM('6'!$AH$224:$AH$225) -> 270 | S77: =SUM('7'!$AI$224:$AI$225) -> 0 | T77: =SUM('8'!$AI$224:$AI$225) -> 0 | U77: =SUM('9'!$AH$224:$AH$225) -> 0 | V77: =SUM('10'!$AI$224:$AI$225) -> 0 | W77: =SUM('11'!$AH$224:$AH$225) -> 0 | X77: =SUM('12'!$AI$224:$AI$225) -> 0 | Y77: =SUM(M77:X77) -> 1932
C78: Genéricas | E78: - | F78: - | G78: - | H78: - | J78: 342 | K78: 1700 | L78: =SUM(M78:X78) -> 1746 | M78: ='1'!$AI$226 -> 146 | N78: ='2'!$AF$226 -> 233 | O78: ='3'!$AI$226 -> 492 | P78: ='4'!$AH$226 -> 406 | Q78: ='5'!$AI$226 -> 359 | R78: ='6'!$AH$226 -> 110 | S78: ='7'!$AI$226 -> 0 | T78: ='8'!$AI$226 -> 0 | U78: ='9'!$AH$226 -> 0 | V78: ='10'!$AI$226 -> 0 | W78: ='11'!$AH$226 -> 0 | X78: ='12'!$AI$226 -> 0 | Y78: =SUM(M78:X78) -> 1746
C79: Usuários Atendidos (vendidos) | D79: 0 | E79: 0 | F79: 0 | G79: 0 | H79: 35643 | I79: 84339 | J79: 73613 | K79: 71185 | L79: =SUM(M79:X79) -> 30548 | M79: ='1'!$AI$227 -> 4940 | N79: ='2'!$AF$227 -> 4348 | O79: ='3'!$AI$227 -> 5908 | P79: ='4'!$AH$227 -> 6441 | Q79: ='5'!$AI$227 -> 6141 | R79: ='6'!$AH$227 -> 2770 | S79: ='7'!$AI$227 -> 0 | T79: ='8'!$AI$227 -> 0 | U79: ='9'!$AH$227 -> 0 | V79: ='10'!$AI$227 -> 0 | W79: ='11'!$AH$227 -> 0 | X79: ='12'!$AI$227 -> 0 | Y79: =SUM(M79:X79) -> 30548
C80: Refeições Servidas | D80: 0 | E80: 0 | F80: 0 | G80: 0 | H80: 35664 | I80: 81959 | J80: 73610 | K80: 69884 | L80: =SUM(M80:X80) -> 30637 | M80: ='1'!$AI$228 -> 4940 | N80: ='2'!$AF$228 -> 4348 | O80: ='3'!$AI$228 -> 5908 | P80: ='4'!$AH$228 -> 6441 | Q80: ='5'!$AI$228 -> 6230 | R80: ='6'!$AH$228 -> 2770 | S80: ='7'!$AI$228 -> 0 | T80: ='8'!$AI$228 -> 0 | U80: ='9'!$AH$228 -> 0 | V80: ='10'!$AI$228 -> 0 | W80: ='11'!$AH$228 -> 0 | X80: ='12'!$AI$228 -> 0 | Y80: =SUM(M80:X80) -> 30637
C81: Refeições Ofertadas | J81: 8400 | K81: 99200 | L81: =SUM(M81:X81) -> 100800 | M81: ='1'!$AI$229 -> 8000 | N81: ='2'!$AF$229 -> 7200 | O81: ='3'!$AI$229 -> 8800 | P81: ='4'!$AH$229 -> 8000 | Q81: ='5'!$AI$229 -> 8000 | R81: ='6'!$AH$229 -> 8400 | S81: ='7'!$AI$229 -> 9200 | T81: ='8'!$AI$229 -> 8400 | U81: ='9'!$AH$229 -> 8800 | V81: ='10'!$AI$229 -> 8800 | W81: ='11'!$AH$230 -> 8000 | X81: ='12'!$AI$229 -> 9200 | Y81: =SUM(M81:X81) -> 100800
C82: Pessoas com Deficiência | E82: 0 | F82: 0 | G82: 0 | H82: 1400 | I82: 3500 | J82: 322 | K82: 693 | L82: =SUM(M82:X82) -> 616 | M82: ='1'!$AI$232 -> 49 | N82: ='2'!$AF$232 -> 120 | O82: ='3'!$AI$232 -> 176 | P82: ='4'!$AH$232 -> 246 | Q82: ='5'!$AI$232 -> 25 | R82: ='6'!$AH$232 -> 0 | S82: ='7'!$AI$232 -> 0 | T82: ='8'!$AI$232 -> 0 | U82: ='9'!$AH$232 -> 0 | V82: ='10'!$AI$232 -> 0 | W82: ='11'!$AH$233 -> 0 | X82: ='12'!$AI$232 -> 0 | Y82: =SUM(M82:X82) -> 616
B83: UNIDADE | C83: INDICADORES BRAGA MENDES | D83: ANO 2018 | E83: ANO 2019 | F83: ANO 2020 | G83: ANO 2021 | H83: ANO 2022 | I83: ANO 2023 | J83: ANO 2024 | K83: ANO 2025 | L83: ANO 2026 | M83: JAN | N83: FEV | O83: MAR | P83: ABR | Q83: MAI | R83: JUN | S83: JUL | T83: AGO | U83: SET | V83: OUT | W83: NOV | X83: DEZ | Y83: TOTAL 2026
B84: BRAGA MENDES Inaugurado 09/08/2022 | C84: Novos Cadastros | D84: 0 | E84: 0 | F84: 0 | G84: 0 | H84: 0 | I84: 1775 | J84: 1549 | K84: 1202 | L84: =SUM(M84:X84) -> 693 | M84: ='1'!$AI$234 -> 208 | N84: ='2'!$AF$234 -> 194 | O84: ='3'!$AI$234 -> 129 | P84: ='4'!$AH$234 -> 162 | Q84: ='5'!AI234 -> 0 | R84: ='6'!$AH$234 -> 0 | S84: ='7'!$AI$234 -> 0 | T84: ='8'!$AI$234 -> 0 | U84: ='9'!$AH$234 -> 0 | V84: ='10'!$AI$234 -> 0 | W84: ='11'!$AH$234 -> 0 | X84: ='12'!$AI$234 -> 0 | Y84: =SUM(M84:X84) -> 693
C85: Pessoas em situação de rua | D85: 0 | E85: 0 | F85: 0 | G85: 0 | H85: 0 | I85: 2809 | J85: 348 | K85: 2794 | L85: =SUM(M85:X85) -> 1413 | M85: =SUM('1'!$AI$247:$AI$248) -> 133 | N85: =SUM('2'!$AF$247:$AF$248) -> 183 | O85: =SUM('3'!$AI$247:$AI$248) -> 245 | P85: =SUM('4'!$AH$247:$AH$248) -> 225 | Q85: =SUM('5'!$AI$247:$AI$248) -> 350 | R85: =SUM('6'!$AH$247:$AH$248) -> 277 | S85: =SUM('7'!$AI$247:$AI$248) -> 0 | T85: =SUM('8'!$AI$247:$AI$248) -> 0 | U85: =SUM('9'!$AH$247:$AH$248) -> 0 | V85: =SUM('10'!$AI$247:$AI$248) -> 0 | W85: =SUM('11'!$AH$247:$AH$248) -> 0 | X85: =SUM('12'!$AI$247:$AI$248) -> 0 | Y85: =SUM(M85:X85) -> 1413
C86: Genéricas | E86: - | F86: - | G86: - | H86: - | J86: 13 | K86: 2113 | L86: =SUM(M86:X86) -> 1041 | M86: ='1'!$AI$249 -> 231 | N86: ='2'!$AF$249 -> 227 | O86: ='3'!$AI$249 -> 283 | P86: ='4'!$AH$249 -> 191 | Q86: ='5'!$AI$249 -> 73 | R86: ='6'!$AH$249 -> 36 | S86: ='7'!$AI$249 -> 0 | T86: ='8'!$AI$249 -> 0 | U86: ='9'!$AH$249 -> 0 | V86: ='10'!$AI$249 -> 0 | W86: ='11'!$AH$249 -> 0 | X86: ='12'!$AI$249 -> 0 | Y86: =SUM(M86:X86) -> 1041
C87: Usuários Atendidos (vendidos) | D87: 0 | E87: 0 | F87: 0 | G87: 0 | H87: 21542 | I87: 95594 | J87: 88966 | K87: 78721 | L87: =SUM(M87:X87) -> 32119 | M87: ='1'!$AI$250 -> 5687 | N87: ='2'!$AF$250 -> 5089 | O87: ='3'!$AI$250 -> 6662 | P87: ='4'!$AH$250 -> 5662 | Q87: ='5'!$AI$250 -> 6146 | R87: ='6'!$AH$250 -> 2873 | S87: ='7'!$AI$250 -> 0 | T87: ='8'!$AI$250 -> 0 | U87: ='9'!$AH$250 -> 0 | V87: ='10'!$AI$250 -> 0 | W87: ='11'!$AH$250 -> 0 | X87: ='12'!$AI$250 -> 0 | Y87: =SUM(M87:X87) -> 32119
C88: Refeições Servidas | D88: 0 | E88: 0 | F88: 0 | G88: 0 | H88: 21442 | I88: 68001 | J88: 87524 | K88: 78746 | L88: =SUM(M88:X88) -> 31473 | M88: ='1'!$AI$251 -> 5508 | N88: ='2'!$AF$251 -> 4930 | O88: ='3'!$AI$251 -> 6607 | P88: ='4'!$AH$251 -> 5586 | Q88: ='5'!$AI$251 -> 6023 | R88: ='6'!$AH$251 -> 2819 | S88: ='7'!$AI$251 -> 0 | T88: ='8'!$AI$251 -> 0 | U88: ='9'!$AH$251 -> 0 | V88: ='10'!$AI$251 -> 0 | W88: ='11'!$AH$251 -> 0 | X88: ='12'!$AI$251 -> 0 | Y88: =SUM(M88:X88) -> 31473
C89: Refeições Ofertadas | J89: 8400 | K89: 99200 | L89: =SUM(M89:X89) -> 101200 | M89: ='1'!$AI$252 -> 8400 | N89: ='2'!$AF$252 -> 7200 | O89: ='3'!$AI$252 -> 8800 | P89: ='4'!$AH$252 -> 8000 | Q89: ='5'!$AI$252 -> 8000 | R89: ='6'!$AH$252 -> 8400 | S89: ='7'!$AI$252 -> 9200 | T89: ='8'!$AI$252 -> 8400 | U89: ='9'!$AH$252 -> 8800 | V89: ='10'!$AI$252 -> 8800 | W89: ='11'!$AH$253 -> 8000 | X89: ='12'!$AI$252 -> 9200 | Y89: =SUM(M89:X89) -> 101200
C90: Pessoas com Deficiência | E90: 0 | F90: 0 | G90: 0 | H90: 0 | I90: 2049 | J90: 499 | K90: 2651 | L90: =SUM(M90:X90) -> 860 | M90: ='1'!$AI$255 -> 212 | N90: ='2'!$AF$255 -> 166 | O90: ='3'!$AI$255 -> 281 | P90: ='4'!$AH$255 -> 201 | Q90: ='5'!$AI$255 -> 0 | R90: ='6'!$AH$255 -> 0 | S90: ='7'!$AI$255 -> 0 | T90: ='8'!$AI$255 -> 0 | U90: ='9'!$AH$255 -> 0 | V90: ='10'!$AI$255 -> 0 | W90: ='11'!$AH$256 -> 0 | X90: ='12'!$AI$255 -> 0 | Y90: =SUM(M90:X90) -> 860
B91: UNIDADE | C91: INDICADORES PETRÓPOLIS | D91: ANO 2018 | E91: ANO 2019 | F91: ANO 2020 | G91: ANO 2021 | H91: ANO 2022 | I91: ANO 2023 | J91: ANO 2024 | K91: ANO 2025 | L91: ANO 2026 | M91: JAN | N91: FEV | O91: MAR | P91: ABR | Q91: MAI | R91: JUN | S91: JUL | T91: AGO | U91: SET | V91: OUT | W91: NOV | X91: DEZ | Y91: TOTAL 2026
B92: PETRÓPOLIS Inaugurado 15/08/2022 | C92: Novos Cadastros | D92: 0 | E92: 0 | F92: 0 | G92: 0 | H92: 496 | I92: 1206 | J92: 1057 | K92: 586 | L92: =SUM(M92:X92) -> 115 | M92: ='1'!$AI$257 -> 20 | N92: ='2'!$AF$257 -> 13 | O92: ='3'!$AI$257 -> 50 | P92: ='4'!$AH$257 -> 32 | Q92: ='5'!AI257 -> 0 | R92: ='6'!$AH$257 -> 0 | S92: ='7'!$AI$257 -> 0 | T92: ='8'!$AI$257 -> 0 | U92: ='9'!$AH$257 -> 0 | V92: ='10'!$AI$257 -> 0 | W92: ='11'!$AH$257 -> 0 | X92: ='12'!$AI$257 -> 0 | Y92: =SUM(M92:X92) -> 115
C93: Pessoas em situação de rua | D93: 0 | E93: 0 | F93: 0 | G93: 0 | H93: 3253 | I93: 8681 | J93: 828 | K93: 11798 | L93: =SUM(M93:X93) -> 56 | M93: =SUM('1'!$AI$270:$AI$271) -> 10 | N93: =SUM('2'!$AF$270:$AF$271) -> 6 | O93: =SUM('3'!$AI$270:$AI$271) -> 7 | P93: =SUM('4'!$AH$270:$AH$271) -> 7 | Q93: =SUM('5'!$AI$270:$AI$271) -> 9 | R93: =SUM('6'!$AH$270:$AH$271) -> 17 | S93: =SUM('7'!$AI$270:$AI$271) -> 0 | T93: =SUM('8'!$AI$270:$AI$271) -> 0 | U93: =SUM('9'!$AH$270:$AH$271) -> 0 | V93: =SUM('10'!$AI$270:$AI$271) -> 0 | W93: =SUM('11'!$AH$270:$AH$271) -> 0 | X93: =SUM('12'!$AI$270:$AI$271) -> 0 | Y93: =SUM(M93:X93) -> 56
C94: Genéricas | E94: - | F94: - | G94: - | H94: - | J94: 2 | K94: 1917 | L94: =SUM(M94:X94) -> 1139 | M94: ='1'!$AI$272 -> 153 | N94: ='2'!$AF$272 -> 130 | O94: ='3'!$AI$272 -> 183 | P94: ='4'!$AH$272 -> 173 | Q94: ='5'!$AI$272 -> 377 | R94: ='6'!$AH$272 -> 123 | S94: ='7'!$AI$272 -> 0 | T94: ='8'!$AI$272 -> 0 | U94: ='9'!$AH$272 -> 0 | V94: ='10'!$AI$272 -> 0 | W94: ='11'!$AH$272 -> 0 | X94: ='12'!$AI$272 -> 0 | Y94: =SUM(M94:X94) -> 1139
C95: Usuários Atendidos (vendidos) | D95: 0 | E95: 0 | F95: 0 | G95: 0 | H95: 31393 | I95: 88586 | J95: 85664 | K95: 81802 | L95: =SUM(M95:X95) -> 33488 | M95: ='1'!$AI$273 -> 6361 | N95: ='2'!$AF$273 -> 5180 | O95: ='3'!$AI$273 -> 6857 | P95: ='4'!$AH$273 -> 6163 | Q95: ='5'!$AI$273 -> 6021 | R95: ='6'!$AH$273 -> 2906 | S95: ='7'!$AI$273 -> 0 | T95: ='8'!$AI$273 -> 0 | U95: ='9'!$AH$273 -> 0 | V95: ='10'!$AI$273 -> 0 | W95: ='11'!$AH$273 -> 0 | X95: ='12'!$AI$273 -> 0 | Y95: =SUM(M95:X95) -> 33488
C96: Refeições Servidas | D96: 0 | E96: 0 | F96: 0 | G96: 0 | H96: 32051 | I96: 88715 | J96: 84149 | K96: 80655 | L96: =SUM(M96:X96) -> 33239 | M96: ='1'!$AI$274 -> 6312 | N96: ='2'!$AF$274 -> 5132 | O96: ='3'!$AI$274 -> 6829 | P96: ='4'!$AH$274 -> 6136 | Q96: ='5'!$AI$274 -> 5965 | R96: ='6'!$AH$274 -> 2865 | S96: ='7'!$AI$274 -> 0 | T96: ='8'!$AI$274 -> 0 | U96: ='9'!$AH$274 -> 0 | V96: ='10'!$AI$274 -> 0 | W96: ='11'!$AH$274 -> 0 | X96: ='12'!$AI$274 -> 0 | Y96: =SUM(M96:X96) -> 33239
C97: Refeições Ofertadas | J97: 8400 | K97: 99200 | L97: =SUM(M97:X97) -> 101200 | M97: ='1'!$AI$275 -> 8400 | N97: ='2'!$AF$275 -> 7200 | O97: ='3'!$AI$275 -> 8800 | P97: ='4'!$AH$275 -> 8000 | Q97: ='5'!$AI$275 -> 8000 | R97: ='6'!$AH$275 -> 8400 | S97: ='7'!$AI$275 -> 9200 | T97: ='8'!$AI$275 -> 8400 | U97: ='9'!$AH$275 -> 8800 | V97: ='10'!$AI$275 -> 8800 | W97: ='11'!$AH$276 -> 8000 | X97: ='12'!$AI$275 -> 9200 | Y97: =SUM(M97:X97) -> 101200
C98: Pessoas com Deficiência | E98: 0 | F98: 0 | G98: 0 | H98: 608 | I98: 2415 | J98: 1369 | K98: 7729 | L98: =SUM(M98:X98) -> 2299 | M98: ='1'!$AI$278 -> 689 | N98: ='2'!$AF$278 -> 522 | O98: ='3'!$AI$278 -> 620 | P98: ='4'!$AH$278 -> 468 | Q98: ='5'!$AI$278 -> 0 | R98: ='6'!$AH$278 -> 0 | S98: ='7'!$AI$278 -> 0 | T98: ='8'!$AI$278 -> 0 | U98: ='9'!$AH$278 -> 0 | V98: ='10'!$AI$278 -> 0 | W98: ='11'!$AH$279 -> 0 | X98: ='12'!$AI$278 -> 0 | Y98: =SUM(M98:X98) -> 2299
B99: UNIDADE | C99: INDICADORES COROADO | D99: ANO 2018 | E99: ANO 2019 | F99: ANO 2020 | G99: ANO 2021 | H99: ANO 2022 | I99: ANO 2023 | J99: ANO 2024 | K99: ANO 2025 | L99: ANO 2026 | M99: JAN | N99: FEV | O99: MAR | P99: ABR | Q99: MAI | R99: JUN | S99: JUL | T99: AGO | U99: SET | V99: OUT | W99: NOV | X99: DEZ | Y99: TOTAL 2026
B100: COROADO Inaugurado 15/08/2022 | C100: Novos Cadastros | D100: 0 | E100: 0 | F100: 0 | G100: 0 | H100: 126 | I100: 370 | J100: 2282 | K100: 391 | L100: =SUM(M100:X100) -> 213 | M100: ='1'!$AI$280 -> 31 | N100: ='2'!$AF$280 -> 25 | O100: ='3'!$AI$280 -> 81 | P100: ='4'!$AH$280 -> 76 | Q100: ='5'!AI280 -> 0 | R100: ='6'!$AH$280 -> 0 | S100: ='7'!$AI$280 -> 0 | T100: ='8'!$AI$280 -> 0 | U100: ='9'!$AH$280 -> 0 | V100: ='10'!$AI$280 -> 0 | W100: ='11'!$AH$280 -> 0 | X100: ='12'!$AI$280 -> 0 | Y100: =SUM(M100:X100) -> 213
C101: Pessoas em situação de rua | D101: 0 | E101: 0 | F101: 0 | G101: 0 | H101: 3206 | I101: 6303 | J101: 820 | K101: 41 | L101: =SUM(M101:X101) -> 178 | M101: =SUM('1'!$AI$293:$AI$294) -> 25 | N101: =SUM('2'!$AF$293:$AF$294) -> 25 | O101: =SUM('3'!$AI$293:$AI$294) -> 34 | P101: =SUM('4'!$AH$293:$AH$294) -> 27 | Q101: =SUM('5'!$AI$293:$AI$294) -> 33 | R101: =SUM('6'!$AH$293:$AH$294) -> 34 | S101: =SUM('7'!$AI$293:$AI$294) -> 0 | T101: =SUM('8'!$AI$293:$AI$294) -> 0 | U101: =SUM('9'!$AH$293:$AH$294) -> 0 | V101: =SUM('10'!$AI$293:$AI$294) -> 0 | W101: =SUM('11'!$AH$293:$AH$294) -> 0 | X101: =SUM('12'!$AI$293:$AI$294) -> 0 | Y101: =SUM(M101:X101) -> 178
...

Sheet 1
A1: ANO CALENDÁRIO | B1: MÊS | C1: Data | K1: Prato Cheio Capital
A2: 2026 | B2: JANEIRO | C2: =DATE(A2,MATCH(B2,{"JANEIRO";"FEVEREIRO";"MARÇO";"ABRIL";"MAIO";"JUNHO";"JULHO";"AGOSTO";"SETEMBRO";"OUTUBRO";"NOVEMBRO";"DEZEMBRO"},0),1) -> 46023 | D2: =IF(ISERROR(DATE($A$2,$B$3,COLUMN()-3)),"",DAY(DATE($A$2,$B$3,COLUMN()-3))) -> 1 | E2: =IF(ISERROR(DATE($A$2,$B$3,COLUMN()-3)),"",DAY(DATE($A$2,$B$3,COLUMN()-3))) -> 2 | F2: =IF(ISERROR(DATE($A$2,$B$3,COLUMN()-3)),"",DAY(DATE($A$2,$B$3,COLUMN()-3))) -> 3 | G2: =IF(ISERROR(DATE($A$2,$B$3,COLUMN()-3)),"",DAY(DATE($A$2,$B$3,COLUMN()-3))) -> 4 | H2: =IF(ISERROR(DATE($A$2,$B$3,COLUMN()-3)),"",DAY(DATE($A$2,$B$3,COLUMN()-3))) -> 5 | I2: =IF(ISERROR(DATE($A$2,$B$3,COLUMN()-3)),"",DAY(DATE($A$2,$B$3,COLUMN()-3))) -> 6 | J2: =IF(ISERROR(DATE($A$2,$B$3,COLUMN()-3)),"",DAY(DATE($A$2,$B$3,COLUMN()-3))) -> 7 | K2: =IF(ISERROR(DATE($A$2,$B$3,COLUMN()-3)),"",DAY(DATE($A$2,$B$3,COLUMN()-3))) -> 8 | ... AH2: =IF(ISERROR(DATE($A$2,$B$3,COLUMN()-3)),"",DAY(DATE($A$2,$B$3,COLUMN()-3))) -> 31
B3: =MATCH(B2,{"JANEIRO";"FEVEREIRO";"MARÇO";"ABRIL";"MAIO";"JUNHO";"JULHO";"AGOSTO";"SETEMBRO";"OUTUBRO";"NOVEMBRO";"DEZEMBRO"},0) -> 1 | D3: =IF(D2="","",TEXT(DATE($A$2,$B$3,D2),"ddd")) -> qui | E3: =IF(E2="","",TEXT(DATE($A$2,$B$3,E2),"ddd")) -> sex | F3: =IF(F2="","",TEXT(DATE($A$2,$B$3,F2),"ddd")) -> sáb | G3: =IF(G2="","",TEXT(DATE($A$2,$B$3,G2),"ddd")) -> dom | H3: =IF(H2="","",TEXT(DATE($A$2,$B$3,H2),"ddd")) -> seg | I3: =IF(I2="","",TEXT(DATE($A$2,$B$3,I2),"ddd")) -> ter | J3: =IF(J2="","",TEXT(DATE($A$2,$B$3,J2),"ddd")) -> qua | K3: =IF(K2="","",TEXT(DATE($A$2,$B$3,K2),"ddd")) -> qui | ... AH3: =IF(AH2="","",TEXT(DATE($A$2,$B$3,AH2),"ddd")) -> sáb | AJ3: observações:
A4: Restaurante CENTRO | B4: Novos cadastros | E4: 4 | H4: 4 | I4: 1 | J4: 1 | K4: 4 | L4: 0 | O4: 1 | P4: 3 | Q4: 0 | R4: 3 | S4: 6 | V4: 0 | W4: 8 | X4: 1 | Y4: 9 | Z4: 8 | AC4: 2 | AD4: 4 | AE4: 2 | AF4: 1 | AG4: 4 | AI4: =SUM(D4:AH4) -> 66
B5: Usuários por faixa etária | C5: 3-17 anos M | E5: 5 | H5: 5 | I5: 5 | J5: 1 | K5: 7 | L5: 18 | O5: 0 | P5: 2 | Q5: 8 | R5: 11 | S5: 4 | V5: 6 | W5: 1 | X5: 6 | Y5: 6 | Z5: 4 | AC5: 6 | AD5: 5 | AE5: 4 | AF5: 4 | AG5: 7 | AI5: =SUM(D5:AH5) -> 115
C6: 3-17 anos M (PCD) | E6: 0 | H6: 0 | I6: 0 | J6: 0 | K6: 0 | L6: 0 | O6: 0 | P6: 0 | Q6: 0 | R6: 0 | S6: 0 | V6: 0 | W6: 0 | X6: 0 | Y6: 0 | Z6: 0 | AC6: 0 | AD6: 0 | AE6: 0 | AF6: 0 | AG6: 0 | AI6: =SUM(D6:AH6) -> 0
C7: 03-17 anos F | E7: 1 | H7: 1 | I7: 1 | J7: 3 | K7: 2 | L7: 8 | O7: 0 | P7: 2 | Q7: 9 | R7: 6 | S7: 1 | V7: 5 | W7: 1 | X7: 7 | Y7: 3 | Z7: 3 | AC7: 6 | AD7: 4 | AE7: 3 | AF7: 3 | AG7: 5 | AI7: =SUM(D7:AH7) -> 74
C8: 03-17 anos F (PCD) | E8: 0 | H8: 0 | I8: 0 | J8: 0 | K8: 0 | L8: 0 | O8: 0 | P8: 0 | Q8: 0 | R8: 0 | S8: 0 | V8: 0 | W8: 0 | X8: 0 | Y8: 0 | Z8: 0 | AC8: 0 | AD8: 0 | AE8: 0 | AF8: 0 | AG8: 0 | AI8: =SUM(D8:AH8) -> 0
C9: 17-59 M | E9: 114 | H9: 114 | I9: 134 | J9: 124 | K9: 125 | L9: 149 | O9: 103 | P9: 116 | Q9: 134 | R9: 149 | S9: 130 | V9: 96 | W9: 119 | X9: 122 | Y9: 120 | Z9: 103 | AC9: 147 | AD9: 104 | AE9: 107 | AF9: 109 | AG9: 110 | AI9: =SUM(D9:AH9) -> 2529
C10: 17-59 M (PCD) | E10: 1 | H10: 1 | I10: 2 | J10: 2 | K10: 4 | L10: 3 | O10: 1 | P10: 0 | Q10: 1 | R10: 4 | S10: 2 | V10: 1 | W10: 1 | X10: 2 | Y10: 0 | Z10: 0 | AC10: 2 | AD10: 1 | AE10: 3 | AF10: 3 | AG10: 0 | AI10: =SUM(D10:AH10) -> 34
C11: 17-59 F | E11: 11 | H11: 11 | I11: 14 | J11: 14 | K11: 16 | L11: 32 | O11: 12 | P11: 12 | Q11: 30 | R11: 37 | S11: 18 | V11: 9 | W11: 10 | X11: 19 | Y11: 14 | Z11: 15 | AC11: 14 | AD11: 13 | AE11: 13 | AF11: 9 | AG11: 13 | AI11: =SUM(D11:AH11) -> 336
C12: 17-59 F (PCD) | E12: 0 | H12: 0 | I12: 0 | J12: 0 | K12: 1 | L12: 0 | O12: 1 | P12: 0 | Q12: 0 | R12: 0 | S12: 0 | V12: 0 | W12: 0 | X12: 1 | Y12: 0 | Z12: 0 | AC12: 1 | AD12: 0 | AE12: 0 | AF12: 0 | AG12: 0 | AI12: =SUM(D12:AH12) -> 4
C13: a partir de 60 anos M | E13: 148 | H13: 148 | I13: 148 | J13: 133 | K13: 143 | L13: 162 | O13: 118 | P13: 114 | Q13: 136 | R13: 146 | S13: 140 | V13: 127 | W13: 111 | X13: 141 | Y13: 150 | Z13: 121 | AC13: 134 | AD13: 115 | AE13: 131 | AF13: 123 | AG13: 144 | AI13: =SUM(D13:AH13) -> 2833
C14: a partir de 60 anos M (PCD) | E14: 4 | H14: 4 | I14: 3 | J14: 3 | K14: 6 | L14: 4 | O14: 4 | P14: 4 | Q14: 6 | R14: 6 | S14: 4 | V14: 5 | W14: 4 | X14: 3 | Y14: 5 | Z14: 4 | AC14: 5 | AD14: 7 | AE14: 3 | AF14: 5 | AG14: 6 | AI14: =SUM(D14:AH14) -> 95
C15: a partir de 60 anos F | E15: 7 | H15: 7 | I15: 10 | J15: 11 | K15: 7 | L15: 22 | O15: 8 | P15: 11 | Q15: 12 | R15: 20 | S15: 14 | V15: 5 | W15: 10 | X15: 6 | Y15: 10 | Z15: 6 | AC15: 7 | AD15: 8 | AE15: 6 | AF15: 9 | AG15: 6 | AI15: =SUM(D15:AH15) -> 202
C16: a partir de 60 anos F (PCD) | E16: 0 | H16: 0 | I16: 0 | J16: 0 | K16: 0 | L16: 0 | O16: 0 | P16: 0 | Q16: 0 | R16: 1 | S16: 0 | V16: 0 | W16: 0 | X16: 0 | Y16: 1 | Z16: 0 | AC16: 0 | AD16: 1 | AE16: 1 | AF16: 1 | AG16: 0 | AI16: =SUM(D16:AH16) -> 5
C17: Pessoas em situação de rua M | E17: 160 | H17: 160 | I17: 84 | J17: 156 | K17: 90 | L17: 134 | O17: 79 | P17: 84 | Q17: 137 | R17: 134 | S17: 104 | V17: 91 | W17: 93 | X17: 147 | Y17: 84 | Z17: 72 | AC17: 147 | AD17: 85 | AE17: 69 | AF17: 86 | AG17: 148 | AI17: =SUM(D17:AH17) -> 2344
... C19: sem cadastro (genéricas) | E19: 141 | H19: 141 | I19: 195 | J19: 140 | K19: 190 | L19: 60 | O19: 272 | P19: 248 | Q19: 119 | R19: 72 | S19: 182 | V19: 247 | W19: 242 | X19: 112 | Y19: 206 | Z19: 269 | AC19: 122 | AD19: 253 | AE19: 255 | AF19: 240 | AG19: 151 | AI19: =SUM(D19:AH19) -> 3857
B20: Usuários ATENDIDOS (ref. Vendidas) | E20: =SUM(E5:E19) -> 600 | H20: =SUM(H5:H19) -> 600 | I20: =SUM(I5:I19) -> 600 | J20: =SUM(J5:J19) -> 600 | K20: =SUM(K5:K19) -> 595 | L20: =SUM(L5:L19) -> 600 | O20: =SUM(O5:O19) -> 600 | P20: =SUM(P5:P19) -> 600 | Q20: =SUM(Q5:Q19) -> 600 | R20: =SUM(R5:R19) -> 600 | S20: =SUM(S5:S19) -> 600 | V20: =SUM(V5:V19) -> 600 | W20: =SUM(W5:W19) -> 600 | X20: =SUM(X5:X19) -> 582 | Y20: =SUM(Y5:Y19) -> 600 | Z20: =SUM(Z5:Z19) -> 600 | AC20: =SUM(AC5:AC19) -> 600 | AD20: =SUM(AD5:AD19) -> 600 | AE20: =SUM(AE5:AE19) -> 600 | AF20: =SUM(AF5:AF19) -> 600 | AG20: =SUM(AG5:AG19) -> 600 | AI20: =SUM(D20:AH20) -> 12577
B21: Refeições Servidas | E21: 598 | H21: 598 | I21: 584 | J21: 579 | K21: 577 | L21: 580 | O21: 580 | P21: 585 | Q21: 581 | R21: 592 | S21: 600 | V21: 569 | W21: 587 | X21: 578 | Y21: 587 | Z21: 586 | AC21: 592 | AD21: 595 | AE21: 576 | AF21: 595 | AG21: 600 | AI21: =SUM(D21:AH21) -> 12319
B22: REFEIÇÕES OFERTADAS | E22: 600 | H22: 600 | I22: 600 | J22: 600 | K22: 600 | L22: 600 | O22: 600 | P22: 600 | Q22: 600 | R22: 600 | S22: 600 | V22: 600 | W22: 600 | X22: 600 | Y22: 600 | Z22: 600 | AC22: 600 | AD22: 600 | AE22: 600 | AF22: 600 | AG22: 600 | AI22: =SUM(D22:AH22) -> 12600
B23: SOBRA DE REFEIÇÕES | E23: =E22-E21 -> 2 | H23: =H22-H21 -> 2 | I23: =I22-I21 -> 16 | J23: =J22-J21 -> 21 | K23: =K22-K21 -> 23 | L23: =L22-L21 -> 20 | O23: =O22-O21 -> 20 | P23: =P22-P21 -> 15 | Q23: =Q22-Q21 -> 19 | R23: =R22-R21 -> 8 | S23: =S22-S21 -> 0 | V23: =V22-V21 -> 31 | W23: =W22-W21 -> 13 | X23: =X22-X21 -> 22 | Y23: =Y22-Y21 -> 13 | Z23: =Z22-Z21 -> 14 | AC23: =AC22-AC21 -> 8 | AD23: =AD22-AD21 -> 5 | AE23: =AE22-AE21 -> 24 | AF23: =AF22-AF21 -> 5 | AG23: =AG22-AG21 -> 0 | AI23: =SUM(D23:AH23) -> 281
B24: SOBRA DE SENHAS (não vendidas) | E24: =E22-E20 -> 0 | H24: =H22-H20 -> 0 | I24: =I22-I20 -> 0 | J24: =J22-J20 -> 0 | K24: =K22-K20 -> 5 | L24: =L22-L20 -> 0 | O24: =O22-O20 -> 0 | P24: =P22-P20 -> 0 | Q24: =Q22-Q20 -> 0 | R24: =R22-R20 -> 0 | S24: =S22-S20 -> 0 | V24: =V22-V20 -> 0 | W24: =W22-W20 -> 0 | X24: =X22-X20 -> 18 | Y24: =Y22-Y20 -> 0 | Z24: =Z22-Z20 -> 0 | AC24: =AC22-AC20 -> 0 | AD24: =AD22-AD20 -> 0 | AE24: =AE22-AE20 -> 0 | AF24: =AF22-AF20 -> 0 | AG24: =AG22-AG20 -> 0 | AI24: =SUM(D24:AH24) -> 23
B25: Atendimento à Pessoas com Deficiência | E25: =E6+E8+E10+E12+E14+E16 -> 5 | H25: =H6+H8+H10+H12+H14+H16 -> 5 | I25: =I6+I8+I10+I12+I14+I16 -> 5 | J25: =J6+J8+J10+J12+J14+J16 -> 5 | K25: =K6+K8+K10+K12+K14+K16 -> 11 | L25: =L6+L8+L10+L12+L14+L16 -> 7 | O25: =O6+O8+O10+O12+O14+O16 -> 6 | P25: =P6+P8+P10+P12+P14+P16 -> 4 | Q25: =Q6+Q8+Q10+Q12+Q14+Q16 -> 7 | R25: =R6+R8+R10+R12+R14+R16 -> 11 | S25: =S6+S8+S10+S12+S14+S16 -> 6 | V25: =V6+V8+V10+V12+V14+V16 -> 6 | W25: =W6+W8+W10+W12+W14+W16 -> 5 | X25: =X6+X8+X10+X12+X14+X16 -> 6 | Y25: =Y6+Y8+Y10+Y12+Y14+Y16 -> 6 | Z25: =Z6+Z8+Z10+Z12+Z14+Z16 -> 4 | AC25: =AC6+AC8+AC10+AC12+AC14+AC16 -> 8 | AD25: =AD6+AD8+AD10+AD12+AD14+AD16 -> 9 | AE25: =AE6+AE8+AE10+AE12+AE14+AE16 -> 7 | AF25: =SUM(AF6,AF8,AF10,AF12,AF14,AF16) -> 9 | AG25: =SUM(AG6,AG8,AG10,AG12,AG14,AG16) -> 6 | AI25: =SUM(D25:AH25) -> 138
AJ26: observações:
A27: Restaurante COMPENSA | B27: Novos cadastros | E27: 0 | H27: 0 | I27: 0 | J27: 0 | K27: 0 | L27: 0 | O27: 0 | P27: 0 | Q27: 0 | R27: 0 | S27: 0 | V27: 0 | W27: 0 | X27: 0 | Y27: 0 | Z27: 0 | AC27: 0 | AD27: 0 | AE27: 0 | AF27: 0 | AG27: 0 | AI27: =SUM(D27:AH27) -> 0 | AJ27: computador da unidade está queimado
B28: Usuários por faixa etária | C28: 3-17 anos M | E28: 0 | H28: 0 | I28: 0 | J28: 0 | K28: 0 | L28: 0 | O28: 0 | P28: 0 | Q28: 0 | R28: 0 | S28: 0 | V28: 0 | W28: 0 | X28: 0 | Y28: 0 | Z28: 0 | AC28: 0 | AD28: 0 | AE28: 0 | AF28: 0 | AG28: 0 | AI28: =SUM(D28:AH28) -> 0
C29: 3-17 anos M (PCD) | E29: 0 | H29: 0 | I29: 0 | J29: 0 | K29: 0 | L29: 0 | O29: 0 | P29: 0 | Q29: 0 | R29: 0 | S29: 0 | V29: 0 | W29: 0 | X29: 0 | Y29: 0 | Z29: 0 | AC29: 0 | AD29: 0 | AE29: 0 | AF29: 0 | AG29: 0 | AI29: =SUM(D29:AH29) -> 0
C30: 03-17 anos F | E30: 0 | H30: 0 | I30: 0 | J30: 0 | K30: 0 | L30: 0 | O30: 0 | P30: 0 | Q30: 0 | R30: 0 | S30: 0 | V30: 0 | W30: 0 | X30: 0 | Y30: 0 | Z30: 0 | AC30: 0 | AD30: 0 | AE30: 0 | AF30: 0 | AG30: 0 | AI30: =SUM(D30:AH30) -> 0
C31: 03-17 anos F (PCD) | E31: 0 | H31: 0 | I31: 0 | J31: 0 | K31: 0 | L31: 0 | O31: 0 | P31: 0 | Q31: 0 | R31: 0 | S31: 0 | V31: 0 | W31: 0 | X31: 0 | Y31: 0 | Z31: 0 | AC31: 0 | AD31: 0 | AE31: 0 | AF31: 0 | AG31: 0 | AI31: =SUM(D31:AH31) -> 0
C32: 17-59 M | E32: 0 | H32: 0 | I32: 0 | J32: 0 | K32: 0 | L32: 0 | O32: 0 | P32: 0 | Q32: 0 | R32: 0 | S32: 0 | V32: 0 | W32: 0 | X32: 0 | Y32: 0 | Z32: 0 | AC32: 0 | AD32: 0 | AE32: 0 | AF32: 0 | AG32: 0 | AI32: =SUM(D32:AH32) -> 0
C33: 17-59 M (PCD) | E33: 0 | H33: 0 | I33: 0 | J33: 0 | K33: 0 | L33: 0 | O33: 0 | P33: 0 | Q33: 0 | R33: 0 | S33: 0 | V33: 0 | W33: 0 | X33: 0 | Y33: 0 | Z33: 0 | AC33: 0 | AD33: 0 | AE33: 0 | AF33: 0 | AG33: 0 | AI33: =SUM(D33:AH33) -> 0
C34: 17-59 F | E34: 0 | H34: 0 | I34: 0 | J34: 0 | K34: 0 | L34: 0 | O34: 0 | P34: 0 | Q34: 0 | R34: 0 | S34: 0 | V34: 0 | W34: 0 | X34: 0 | Y34: 0 | Z34: 0 | AC34: 0 | AD34: 0 | AE34: 0 | AF34: 0 | AG34: 0 | AI34: =SUM(D34:AH34) -> 0
C35: 17-59 F (PCD) | E35: 0 | H35: 0 | I35: 0 | J35: 0 | K35: 0 | L35: 0 | O35: 0 | P35: 0 | Q35: 0 | R35: 0 | S35: 0 | V35: 0 | W35: 0 | X35: 0 | Y35: 0 | Z35: 0 | AC35: 0 | AD35: 0 | AE35: 0 | AF35: 0 | AG35: 0 | AI35: =SUM(D35:AH35) -> 0
C36: a partir de 60 anos M | E36: 0 | H36: 0 | I36: 0 | J36: 0 | K36: 0 | L36: 0 | O36: 0 | P36: 0 | Q36: 0 | R36: 0 | S36: 0 | V36: 0 | W36: 0 | X36: 0 | Y36: 0 | Z36: 0 | AC36: 0 | AD36: 0 | AE36: 0 | AF36: 0 | AG36: 0 | AI36: =SUM(D36:AH36) -> 0
C37: a partir de 60 anos M (PCD) | E37: 0 | H37: 0 | I37: 0 | J37: 0 | K37: 0 | L37: 0 | O37: 0 | P37: 0 | Q37: 0 | R37: 0 | S37: 0 | V37: 0 | W37: 0 | X37: 0 | Y37: 0 | Z37: 0 | AC37: 0 | AD37: 0 | AE37: 0 | AF37: 0 | AG37: 0 | AI37: =SUM(D37:AH37) -> 0
C38: a partir de 60 anos F | E38: 0 | H38: 0 | I38: 0 | J38: 0 | K38: 0 | L38: 0 | O38: 0 | P38: 0 | Q38: 0 | R38: 0 | S38: 0 | V38: 0 | W38: 0 | X38: 0 | Y38: 0 | Z38: 0 | AC38: 0 | AD38: 0 | AE38: 0 | AF38: 0 | AG38: 0 | AI38: =SUM(D38:AH38) -> 0
C39: a partir de 60 anos F (PCD) | E39: 0 | H39: 0 | I39: 0 | J39: 0 | K39: 0 | L39: 0 | O39: 0 | P39: 0 | Q39: 0 | R39: 0 | S39: 0 | V39: 0 | W39: 0 | X39: 0 | Y39: 0 | Z39: 0 | AC39: 0 | AD39: 0 | AE39: 0 | AF39: 0 | AG39: 0 | AI39: =SUM(D39:AH39) -> 0
C40: Pessoas em situação de rua M | E40: 0 | H40: 0 | I40: 0 | J40: 0 | K40: 0 | L40: 0 | O40: 0 | P40: 0 | Q40: 0 | R40: 0 | S40: 0 | V40: 0 | W40: 0 | X40: 0 | Y40: 0 | Z40: 0 | AC40: 0 | AD40: 0 | AE40: 0 | AF40: 0 | AG40: 0 | AI40: =SUM(D40:AH40) -> 0
... C42: sem cadastro (genéricas) | E42: 0 | H42: 0 | I42: 0 | J42: 0 | K42: 0 | L42: 0 | O42: 0 | P42: 0 | Q42: 0 | R42: 0 | S42: 0 | V42: 0 | W42: 0 | X42: 0 | Y42: 0 | Z42: 0 | AC42: 0 | AD42: 0 | AE42: 0 | AF42: 0 | AG42: 0 | AI42: =SUM(D42:AH42) -> 0
B43: Usuários ATENDIDOS (ref. Vendidas) | E43: 226 | H43: 270 | I43: 270 | J43: 270 | K43: 270 | L43: 270 | O43: 270 | P43: 270 | Q43: 270 | R43: 262 | S43: 270 | V43: 270 | W43: 270 | X43: 264 | Y43: 270 | Z43: 270 | AC43: 270 | AD43: 270 | AE43: 270 | AF43: 270 | AG43: 270 | AI43: =SUM(D43:AH43) -> 5612
B44: Refeições Servidas | E44: 210 | H44: 250 | I44: 258 | J44: 265 | K44: 266 | L44: 258 | O44: 260 | P44: 261 | Q44: 262 | R44: 260 | S44: 265 | V44: 263 | W44: 261 | X44: 259 | Y44: 265 | Z44: 267 | AC44: 263 | AD44: 265 | AE44: 260 | AF44: 270 | AG44: 237 | AI44: =SUM(D44:AH44) -> 5425
B45: REFEIÇÕES OFERTADAS | E45: 270 | H45: 270 | I45: 270 | J45: 270 | K45: 270 | L45: 270 | O45: 270 | P45: 270 | Q45: 270 | R45: 270 | S45: 270 | V45: 270 | W45: 270 | X45: 270 | Y45: 270 | Z45: 270 | AC45: 270 | AD45: 270 | AE45: 270 | AF45: 270 | AG45: 270 | AI45: =SUM(D45:AH45) -> 5670
B46: SOBRA DE REFEIÇÕES | E46: =E45-E44 -> 60 | H46: =H45-H44 -> 20 | I46: =I45-I44 -> 12 | J46: =J45-J44 -> 5 | K46: =K45-K44 -> 4 | L46: =L45-L44 -> 12 | O46: =O45-O44 -> 10 | P46: =P45-P44 -> 9 | Q46: =Q45-Q44 -> 8 | R46: =R45-R44 -> 10 | S46: =S45-S44 -> 5 | V46: =V45-V44 -> 7 | W46: =W45-W44 -> 9 | X46: =X45-X44 -> 11 | Y46: =Y45-Y44 -> 5 | Z46: =Z45-Z44 -> 3 | AC46: =AC45-AC44 -> 7 | AD46: =AD45-AD44 -> 5 | AE46: =AE45-AE44 -> 10 | AF46: =AF45-AF44 -> 0 | AG46: =AG45-AG44 -> 33 | AI46: =SUM(D46:AH46) -> 245
B47: SOBRA DE SENHAS (não vendidas) | E47: =E45-E43 -> 44 | H47: =H45-H43 -> 0 | I47: =I45-I43 -> 0 | J47: =J45-J43 -> 0 | K47: =K45-K43 -> 0 | L47: =L45-L43 -> 0 | O47: =O45-O43 -> 0 | P47: =P45-P43 -> 0 | Q47: =Q45-Q43 -> 0 | R47: =R45-R43 -> 8 | S47: =S45-S43 -> 0 | V47: =V45-V43 -> 0 | W47: =W45-W43 -> 0 | X47: =X45-X43 -> 6 | Y47: =Y45-Y43 -> 0 | Z47: =Z45-Z43 -> 0 | AC47: =AC45-AC43 -> 0 | AD47: =AD45-AD43 -> 0 | AE47: =AE45-AE43 -> 0 | AF47: =AF45-AF43 -> 0 | AG47: =AG45-AG43 -> 0 | AI47: =SUM(D47:AH47) -> 58
B48: Atendimento à Pessoas com Deficiência | E48: =E29+E31+E33+E35+E37+E39 -> 0 | H48: =H29+H31+H33+H35+H37+H39 -> 0 | I48: =I29+I31+I33+I35+I37+I39 -> 0 | J48: =J29+J31+J33+J35+J37+J39 -> 0 | K48: =K29+K31+K33+K35+K37+K39 -> 0 | L48: =L29+L31+L33+L35+L37+L39 -> 0 | O48: =O29+O31+O33+O35+O37+O39 -> 0 | P48: =P29+P31+P33+P35+P37+P39 -> 0 | Q48: =Q29+Q31+Q33+Q35+Q37+Q39 -> 0 | R48: =R29+R31+R33+R35+R37+R39 -> 0 | S48: =S29+S31+S33+S35+S37+S39 -> 0 | V48: =V29+V31+V33+V35+V37+V39 -> 0 | W48: =W29+W31+W33+W35+W37+W39 -> 0 | X48: =X29+X31+X33+X35+X37+X39 -> 0 | Y48: =Y29+Y31+Y33+Y35+Y37+Y39 -> 0 | Z48: =Z29+Z31+Z33+Z35+Z37+Z39 -> 0 | AC48: =AC29+AC31+AC33+AC35+AC37+AC39 -> 0 | AD48: =AD29+AD31+AD33+AD35+AD37+AD39 -> 0 | AE48: =AE29+AE31+AE33+AE35+AE37+AE39 -> 0 | AF48: =SUM(AF29,AF31,AF33,AF35,AF37,AF39) -> 0 | AG48: =SUM(AG29,AG31,AG33,AG35,AG37,AG39) -> 0 | AI48: =SUM(D48:AH48) -> 0
AJ49: observações:
A50: Restaurante JORGE TEIXEIRA | B50: Novos cadastros | E50: 4 | H50: 0 | I50: 0 | J50: 0 | K50: 0 | L50: 1 | O50: 4 | P50: 9 | Q50: 11 | R50: 3 | S50: 5 | V50: 5 | W50: 5 | X50: 2 | Y50: 4 | Z50: 1 | AC50: 5 | AD50: 1 | AE50: 3 | AF50: 8 | AG50: 6 | AI50: =SUM(D50:AH50) -> 77
B51: Usuários por faixa etária | C51: 3-17 anos M | E51: 4 | H51: 15 | I51: 7 | J51: 4 | K51: 11 | L51: 9 | O51: 15 | P51: 10 | Q51: 16 | R51: 14 | S51: 22 | V51: 19 | W51: 10 | X51: 12 | Y51: 14 | Z51: 10 | AC51: 8 | AD51: 11 | AE51: 13 | AF51: 15 | AG51: 24 | AI51: =SUM(D51:AH51) -> 263
C52: 3-17 anos M (PCD) | E52: 0 | H52: 0 | I52: 0 | J52: 0 | K52: 0 | L52: 0 | O52: 0 | P52: 0 | Q52: 0 | R52: 0 | S52: 0 | V52: 0 | W52: 0 | X52: 0 | Y52: 0 | Z52: 0 | AC52: 0 | AD52: 0 | AE52: 0 | AF52: 0 | AG52: 0 | AI52: =SUM(D52:AH52) -> 0
C53: 03-17 anos F | E53: 5 | H53: 7 | I53: 9 | J53: 3 | K53: 7 | L53: 7 | O53: 14 | P53: 9 | Q53: 13 | R53: 8 | S53: 16 | V53: 9 | W53: 5 | X53: 6 | Y53: 9 | Z53: 6 | AC53: 11 | AD53: 8 | AE53: 18 | AF53: 9 | AG53: 20 | AI53: =SUM(D53:AH53) -> 199
C54: 03-17 anos F (PCD) | E54: 0 | H54: 0 | I54: 0 | J54: 0 | K54: 0 | L54: 0 | O54: 0 | P54: 0 | Q54: 0 | R54: 0 | S54: 0 | V54: 0 | W54: 0 | X54: 0 | Y54: 0 | Z54: 0 | AC54: 0 | AD54: 0 | AE54: 0 | AF54: 0 | AG54: 1 | AI54: =SUM(D54:AH54) -> 1
C55: 17-59 M | E55: 43 | H55: 86 | I55: 77 | J55: 63 | K55: 67 | L55: 67 | O55: 78 | P55: 69 | Q55: 85 | R55: 69 | S55: 83 | V55: 80 | W55: 57 | X55: 64 | Y55: 71 | Z55: 77 | AC55: 91 | AD55: 89 | AE55: 97 | AF55: 77 | AG55: 89 | AI55: =SUM(D55:AH55) -> 1579
C56: 17-59 M (PCD) | E56: 1 | H56: 0 | I56: 2 | J56: 1 | K56: 1 | L56: 1 | O56: 1 | P56: 2 | Q56: 1 | R56: 0 | S56: 1 | V56: 1 | W56: 1 | X56: 1 | Y56: 1 | Z56: 0 | AC56: 0 | AD56: 1 | AE56: 2 | AF56: 1 | AG56: 2 | AI56: =SUM(D56:AH56) -> 21
C57: 17-59 F | E57: 14 | H57: 29 | I57: 19 | J57: 12 | K57: 16 | L57: 19 | O57: 36 | P57: 19 | Q57: 23 | R57: 24 | S57: 36 | V57: 23 | W57: 14 | X57: 15 | Y57: 26 | Z57: 24 | AC57: 25 | AD57: 22 | AE57: 35 | AF57: 22 | AG57: 36 | AI57: =SUM(D57:AH57) -> 489
C58: 17-59 F (PCD) | E58: 1 | H58: 0 | I58: 1 | J58: 0 | K58: 1 | L58: 1 | O58: 0 | P58: 1 | Q58: 0 | R58: 0 | S58: 1 | V58: 0 | W58: 1 | X58: 0 | Y58: 0 | Z58: 1 | AC58: 1 | AD58: 0 | AE58: 1 | AF58: 1 | AG58: 0 | AI58: =SUM(D58:AH58) -> 11
C59: a partir de 60 anos M | E59: 75 | H59: 85 | I59: 84 | J59: 78 | K59: 77 | L59: 85 | O59: 90 | P59: 83 | Q59: 82 | R59: 69 | S59: 101 | V59: 88 | W59: 74 | X59: 69 | Y59: 77 | Z59: 84 | AC59: 74 | AD59: 88 | AE59: 97 | AF59: 89 | AG59: 107 | AI59: =SUM(D59:AH59) -> 1756
C60: a partir de 60 anos M (PCD) | E60: 0 | H60: 1 | I60: 0 | J60: 0 | K60: 1 | L60: 1 | O60: 1 | P60: 1 | Q60: 1 | R60: 0 | S60: 0 | V60: 1 | W60: 1 | X60: 1 | Y60: 0 | Z60: 1 | AC60: 0 | AD60: 0 | AE60: 1 | AF60: 0 | AG60: 1 | AI60: =SUM(D60:AH60) -> 12
C61: a partir de 60 anos F | E61: 11 | H61: 16 | I61: 12 | J61: 13 | K61: 12 | L61: 13 | O61: 24 | P61: 15 | Q61: 11 | R61: 10 | S61: 22 | V61: 25 | W61: 10 | X61: 17 | Y61: 12 | Z61: 18 | AC61: 17 | AD61: 18 | AE61: 18 | AF61: 11 | AG61: 24 | AI61: =SUM(D61:AH61) -> 329
C62: a partir de 60 anos F (PCD) | E62: 0 | H62: 0 | I62: 0 | J62: 0 | K62: 0 | L62: 0 | O62: 0 | P62: 0 | Q62: 0 | R62: 0 | S62: 0 | V62: 0 | W62: 0 | X62: 0 | Y62: 0 | Z62: 0 | AC62: 0 | AD62: 0 | AE62: 0 | AF62: 0 | AG62: 0 | AI62: =SUM(D62:AH62) -> 0
C63: Pessoas em situação de rua M | E63: 11 | H63: 29 | I63: 27 | J63: 23 | K63: 32 | L63: 28 | O63: 31 | P63: 32 | Q63: 33 | R63: 25 | S63: 32 | V63: 40 | W63: 32 | X63: 32 | Y63: 35 | Z63: 31 | AC63: 32 | AD63: 40 | AE63: 28 | AF63: 37 | AG63: 39 | AI63: =SUM(D63:AH63) -> 649
... C65: sem cadastro (genéricas) | E65: 53 | H65: 103 | I65: 105 | J65: 147 | K65: 114 | L65: 115 | O65: 134 | P65: 105 | Q65: 120 | R65: 163 | S65: 135 | V65: 106 | W65: 91 | X65: 72 | Y65: 124 | Z65: 109 | AC65: 154 | AD65: 127 | AE65: 133 | AF65: 116 | AG65: 111 | AI65: =SUM(D65:AH65) -> 2437
B66: Usuários ATENDIDOS (ref. Vendidas) | E66: =SUM(E51:E65) -> 220 | H66: =SUM(H51:H65) -> 377 | I66: =SUM(I51:I65) -> 345 | J66: =SUM(J51:J65) -> 345 | K66: =SUM(K51:K65) -> 341 | L66: =SUM(L51:L65) -> 347 | O66: =SUM(O51:O65) -> 427 | P66: =SUM(P51:P65) -> 349 | Q66: =SUM(Q51:Q65) -> 388 | R66: =SUM(R51:R65) -> 384 | S66: =SUM(S51:S65) -> 451 | V66: =SUM(V51:V65) -> 393 | W66: =SUM(W51:W65) -> 297 | X66: =SUM(X51:X65) -> 290 | Y66: =SUM(Y51:Y65) -> 372 | Z66: =SUM(Z51:Z65) -> 363 | AC66: =SUM(AC51:AC65) -> 414 | AD66: =SUM(AD51:AD65) -> 405 | AE66: =SUM(AE51:AE65) -> 449 | AF66: =SUM(AF51:AF65) -> 379 | AG66: =SUM(AG51:AG65) -> 457 | AI66: =SUM(D66:AH66) -> 7793
B67: Refeições Servidas | E67: 207 | H67: 370 | I67: 331 | J67: 336 | K67: 334 | L67: 337 | O67: 411 | P67: 338 | Q67: 379 | R67: 350 | S67: 468 | V67: 384 | W67: 285 | X67: 278 | Y67: 367 | Z67: 352 | AC67: 403 | AD67: 403 | AE67: 443 | AF67: 374 | AG67: 450 | AI67: =SUM(D67:AH67) -> 7600
B68: REFEIÇÕES OFERTADAS | E68: 500 | H68: 500 | I68: 500 | J68: 500 | K68: 500 | L68: 500 | O68: 500 | P68: 500 | Q68: 500 | R68: 500 | S68: 500 | V68: 500 | W68: 500 | X68: 500 | Y68: 500 | Z68: 500 | AC68: 500 | AD68: 500 | AE68: 500 | AF68: 500 | AG68: 500 | AI68: =SUM(D68:AH68) -> 10500
B69: SOBRA DE REFEIÇÕES | E69: =E68-E67 -> 293 | H69: =H68-H67 -> 130 | I69: =I68-I67 -> 169 | J69: =J68-J67 -> 164 | K69: =K68-K67 -> 166 | L69: =L68-L67 -> 163 | O69: =O68-O67 -> 89 | P69: =P68-P67 -> 162 | Q69: =Q68-Q67 -> 121 | R69: =R68-R67 -> 150 | S69: =S68-S67 -> 32 | V69: =V68-V67 -> 116 | W69: =W68-W67 -> 215 | X69: =X68-X67 -> 222 | Y69: =Y68-Y67 -> 133 | Z69: =Z68-Z67 -> 148 | AC69: =AC68-AC67 -> 97 | AD69: =AD68-AD67 -> 97 | AE69: =AE68-AE67 -> 57 | AF69: =AF68-AF67 -> 126 | AG69: =AG68-AG67 -> 50 | AI69: =SUM(D69:AH69) -> 2900
B70: SOBRA DE SENHAS (não vendidas) | E70: =E68-E66 -> 280 | H70: =H68-H66 -> 123 | I70: =I68-I66 -> 155 | J70: =J68-J66 -> 155 | K70: =K68-K66 -> 159 | L70: =L68-L66 -> 153 | O70: =O68-O66 -> 73 | P70: =P68-P66 -> 151 | Q70: =Q68-Q66 -> 112 | R70: =R68-R66 -> 116 | S70: =S68-S66 -> 49 | V70: =V68-V66 -> 107 | W70: =W68-W66 -> 203 | X70: =X68-X66 -> 210 | Y70: =Y68-Y66 -> 128 | Z70: =Z68-Z66 -> 137 | AC70: =AC68-AC66 -> 86 | AD70: =AD68-AD66 -> 95 | AE70: =AE68-AE66 -> 51 | AF70: =AF68-AF66 -> 121 | AG70: =AG68-AG66 -> 43 | AI70: =SUM(D70:AH70) -> 2707
B71: Atendimento à Pessoas com Deficiência | E71: =E52+E54+E56+E58+E60+E62 -> 2 | H71: =H52+H54+H56+H58+H60+H62 -> 1 | I71: =I52+I54+I56+I58+I60+I62 -> 3 | J71: =J52+J54+J56+J58+J60+J62 -> 1 | K71: =K52+K54+K56+K58+K60+K62 -> 3 | L71: =L52+L54+L56+L58+L60+L62 -> 3 | O71: =O52+O54+O56+O58+O60+O62 -> 2 | P71: =P52+P54+P56+P58+P60+P62 -> 4 | Q71: =Q52+Q54+Q56+Q58+Q60+Q62 -> 2 | R71: =R52+R54+R56+R58+R60+R62 -> 0 | S71: =S52+S54+S56+S58+S60+S62 -> 2 | V71: =V52+V54+V56+V58+V60+V62 -> 2 | W71: =W52+W54+W56+W58+W60+W62 -> 3 | X71: =X52+X54+X56+X58+X60+X62 -> 2 | Y71: =Y52+Y54+Y56+Y58+Y60+Y62 -> 1 | Z71: =Z52+Z54+Z56+Z58+Z60+Z62 -> 2 | AC71: =AC52+AC54+AC56+AC58+AC60+AC62 -> 1 | AD71: =AD52+AD54+AD56+AD58+AD60+AD62 -> 1 | AE71: =AE52+AE54+AE56+AE58+AE60+AE62 -> 4 | AF71: =SUM(AF52,AF54,AF56,AF58,AF60,AF62) -> 2 | AG71: =SUM(AG52,AG54,AG56,AG58,AG60,AG62) -> 4 | AI71: =SUM(D71:AH71) -> 45
AJ72: observações:
A73: Restaurante NOVO ISRAEL | B73: Novos cadastros | E73: 0 | H73: 2 | I73: 3 | J73: 11 | K73: 0 | L73: 1 | O73: 8 | P73: 0 | Q73: 10 | R73: 0 | S73: 0 | V73: 0 | W73: 1 | X73: 6 | Y73: 2 | Z73: 0 | AC73: 8 | AD73: 0 | AE73: 1 | AF73: 1 | AG73: 2 | AI73: =SUM(D73:AH73) -> 56
B74: Usuários por faixa etária | C74: 3-17 anos M | E74: 28 | H74: 21 | I74: 9 | J74: 18 | K74: 26 | L74: 12 | O74: 12 | P74: 37 | Q74: 26 | R74: 19 | S74: 14 | V74: 42 | W74: 37 | X74: 13 | Y74: 37 | Z74: 35 | AC74: 26 | AD74: 34 | AE74: 45 | AF74: 48 | AG74: 48 | AI74: =SUM(D74:AH74) -> 587
C75: 3-17 anos M (PCD) | E75: 3 | H75: 0 | I75: 3 | J75: 0 | K75: 0 | L75: 0 | O75: 0 | P75: 0 | Q75: 0 | R75: 4 | S75: 3 | V75: 0 | W75: 4 | X75: 0 | Y75: 2 | Z75: 0 | AC75: 4 | AD75: 0 | AE75: 3 | AF75: 4 | AG75: 0 | AI75: =SUM(D75:AH75) -> 30
C76: 03-17 anos F | E76: 15 | H76: 17 | I76: 15 | J76: 13 | K76: 30 | L76: 6 | O76: 16 | P76: 23 | Q76: 18 | R76: 13 | S76: 15 | V76: 27 | W76: 17 | X76: 10 | Y76: 24 | Z76: 23 | AC76: 12 | AD76: 37 | AE76: 34 | AF76: 44 | AG76: 37 | AI76: =SUM(D76:AH76) -> 446
C77: 03-17 anos F (PCD) | E77: 0 | H77: 1 | I77: 1 | J77: 1 | K77: 0 | L77: 0 | O77: 0 | P77: 0 | Q77: 0 | R77: 0 | S77: 0 | V77: 0 | W77: 0 | X77: 0 | Y77: 0 | Z77: 0 | AC77: 1 | AD77: 0 | AE77: 0 | AF77: 1 | AG77: 0 | AI77: =SUM(D77:AH77) -> 5
C78: 17-59 M | E78: 71 | H78: 64 | I78: 55 | J78: 93 | K78: 77 | L78: 70 | O78: 95 | P78: 95 | Q78: 110 | R78: 112 | S78: 46 | V78: 95 | W78: 72 | X78: 66 | Y78: 109 | Z78: 105 | AC78: 81 | AD78: 90 | AE78: 104 | AF78: 118 | AG78: 107 | AI78: =SUM(D78:AH78) -> 1835
C79: 17-59 M (PCD) | E79: 3 | H79: 1 | I79: 4 | J79: 5 | K79: 2 | L79: 1 | O79: 2 | P79: 3 | Q79: 4 | R79: 5 | S79: 3 | V79: 1 | W79: 3 | X79: 1 | Y79: 4 | Z79: 6 | AC79: 4 | AD79: 3 | AE79: 3 | AF79: 12 | AG79: 2 | AI79: =SUM(D79:AH79) -> 72
C80: 17-59 F | E80: 68 | H80: 32 | I80: 18 | J80: 35 | K80: 60 | L80: 18 | O80: 57 | P80: 60 | Q80: 79 | R80: 77 | S80: 23 | V80: 49 | W80: 61 | X80: 30 | Y80: 63 | Z80: 84 | AC80: 63 | AD80: 109 | AE80: 81 | AF80: 93 | AG80: 72 | AI80: =SUM(D80:AH80) -> 1232
C81: 17-59 F (PCD) | E81: 1 | H81: 0 | I81: 1 | J81: 2 | K81: 1 | L81: 1 | O81: 2 | P81: 2 | Q81: 3 | R81: 0 | S81: 1 | V81: 1 | W81: 2 | X81: 2 | Y81: 2 | Z81: 2 | AC81: 2 | AD81: 3 | AE81: 2 | AF81: 1 | AG81: 2 | AI81: =SUM(D81:AH81) -> 33
C82: a partir de 60 anos M | E82: 55 | H82: 83 | I82: 58 | J82: 93 | K82: 76 | L82: 72 | O82: 91 | P82: 77 | Q82: 98 | R82: 98 | S82: 52 | V82: 87 | W82: 45 | X82: 82 | Y82: 72 | Z82: 72 | AC82: 76 | AD82: 69 | AE82: 77 | AF82: 62 | AG82: 69 | AI82: =SUM(D82:AH82) -> 1564
C83: a partir de 60 anos M (PCD) | E83: 1 | H83: 0 | I83: 0 | J83: 7 | K83: 2 | L83: 3 | O83: 1 | P83: 3 | Q83: 1 | R83: 4 | S83: 1 | V83: 6 | W83: 2 | X83: 3 | Y83: 5 | Z83: 0 | AC83: 3 | AD83: 2 | AE83: 4 | AF83: 0 | AG83: 1 | AI83: =SUM(D83:AH83) -> 49
C84: a partir de 60 anos F | E84: 34 | H84: 21 | I84: 23 | J84: 31 | K84: 22 | L84: 14 | O84: 37 | P84: 24 | Q84: 47 | R84: 46 | S84: 13 | V84: 26 | W84: 17 | X84: 19 | Y84: 20 | Z84: 29 | AC84: 32 | AD84: 50 | AE84: 31 | AF84: 30 | AG84: 28 | AI84: =SUM(D84:AH84) -> 594
C85: a partir de 60 anos F (PCD) | E85: 0 | H85: 1 | I85: 1 | J85: 1 | K85: 0 | L85: 0 | O85: 0 | P85: 0 | Q85: 0 | R85: 0 | S85: 0 | V85: 1 | W85: 0 | X85: 0 | Y85: 0 | Z85: 0 | AC85: 0 | AD85: 1 | AE85: 1 | AF85: 0 | AG85: 0 | AI85: =SUM(D85:AH85) -> 6
C86: Pessoas em situação de rua M | E86: 1 | H86: 1 | I86: 2 | J86: 5 | K86: 0 | L86: 3 | O86: 10 | P86: 7 | Q86: 3 | R86: 1 | S86: 1 | V86: 5 | W86: 5 | X86: 1 | Y86: 4 | Z86: 7 | AC86: 1 | AD86: 2 | AE86: 0 | AF86: 4 | AG86: 11 | AI86: =SUM(D86:AH86) -> 74
... C88: sem cadastro (genéricas) | E88: 151 | H88: 204 | I88: 258 | J88: 132 | K88: 105 | L88: 223 | O88: 62 | P88: 119 | Q88: 46 | R88: 71 | S88: 228 | V88: 60 | W88: 57 | X88: 53 | Y88: 57 | Z88: 32 | AC88: 58 | AD88: 50 | AE88: 25 | AF88: 33 | AG88: 73 | AI88: =SUM(D88:AH88) -> 2097
B89: Usuários ATENDIDOS (ref. Vendidas) | E89: =SUM(E74:E88) -> 431 | H89: =SUM(H74:H88) -> 446 | I89: =SUM(I74:I88) -> 448 | J89: =SUM(J74:J88) -> 436 | K89: =SUM(K74:K88) -> 401 | L89: =SUM(L74:L88) -> 423 | O89: =SUM(O74:O88) -> 385 | P89: =SUM(P74:P88) -> 450 | Q89: =SUM(Q74:Q88) -> 435 | R89: =SUM(R74:R88) -> 450 | S89: =SUM(S74:S88) -> 400 | V89: =SUM(V74:V88) -> 400 | W89: =SUM(W74:W88) -> 322 | X89: =SUM(X74:X88) -> 280 | Y89: =SUM(Y74:Y88) -> 399 | Z89: =SUM(Z74:Z88) -> 395 | AC89: =SUM(AC74:AC88) -> 363 | AD89: =SUM(AD74:AD88) -> 450 | AE89: =SUM(AE74:AE88) -> 410 | AF89: =SUM(AF74:AF88) -> 450 | AG89: =SUM(AG74:AG88) -> 450 | AI89: =SUM(D89:AH89) -> 8624
B90: Refeições Servidas | E90: 421 | H90: 405 | I90: 443 | J90: 430 | K90: 393 | L90: 411 | O90: 374 | P90: 440 | Q90: 428 | R90: 410 | S90: 400 | V90: 400 | W90: 305 | X90: 260 | Y90: 397 | Z90: 388 | AC90: 350 | AD90: 444 | AE90: 404 | AF90: 443 | AG90: 438 | AI90: =SUM(D90:AH90) -> 8384
B91: REFEIÇÕES OFERTADAS | E91: 450 | H91: 450 | I91: 450 | J91: 450 | K91: 450 | L91: 450 | O91: 450 | P91: 450 | Q91: 450 | R91: 450 | S91: 450 | V91: 450 | W91: 450 | X91: 450 | Y91: 450 | Z91: 450 | AC91: 450 | AD91: 450 | AE91: 450 | AF91: 450 | AG91: 450 | AI91: =SUM(D91:AH91) -> 9450
B92: SOBRA DE REFEIÇÕES | E92: =E91-E90 -> 29 | H92: =H91-H90 -> 45 | I92: =I91-I90 -> 7 | J92: =J91-J90 -> 20 | K92: =K91-K90 -> 57 | L92: =L91-L90 -> 39 | O92: =O91-O90 -> 76 | P92: =P91-P90 -> 10 | Q92: =Q91-Q90 -> 22 | R92: =R91-R90 -> 40 | S92: =S91-S90 -> 50 | V92: =V91-V90 -> 50 | W92: =W91-W90 -> 145 | X92: =X91-X90 -> 190 | Y92: =Y91-Y90 -> 53 | Z92: =Z91-Z90 -> 62 | AC92: =AC91-AC90 -> 100 | AD92: =AD91-AD90 -> 6 | AE92: =AE91-AE90 -> 46 | AF92: =AF91-AF90 -> 7 | AG92: =AG91-AG90 -> 12 | AI92: =SUM(D92:AH92) -> 1066
B93: SOBRA DE SENHAS (não vendidas) | E93: =E91-E89 -> 19 | H93: =H91-H89 -> 4 | I93: =I91-I89 -> 2 | J93: =J91-J89 -> 14 | K93: =K91-K89 -> 49 | L93: =L91-L89 -> 27 | O93: =O91-O89 -> 65 | P93: =P91-P89 -> 0 | Q93: =Q91-Q89 -> 15 | R93: =R91-R89 -> 0 | S93: =S91-S89 -> 50 | V93: =V91-V89 -> 50 | W93: =W91-W89 -> 128 | X93: =X91-X89 -> 170 | Y93: =Y91-Y89 -> 51 | Z93: =Z91-Z89 -> 55 | AC93: =AC91-AC89 -> 87 | AD93: =AD91-AD89 -> 0 | AE93: =AE91-AE89 -> 40 | AF93: =AF91-AF89 -> 0 | AG93: =AG91-AG89 -> 0 | AI93: =SUM(D93:AH93) -> 826
B94: Atendimento à Pessoas com Deficiência | E94: =E75+E77+E79+E81+E83+E85 -> 8 | H94: =H75+H77+H79+H81+H83+H85 -> 3 | I94: =I75+I77+I79+I81+I83+I85 -> 10 | J94: =J75+J77+J79+J81+J83+J85 -> 16 | K94: =K75+K77+K79+K81+K83+K85 -> 5 | L94: =L75+L77+L79+L81+L83+L85 -> 5 | O94: =O75+O77+O79+O81+O83+O85 -> 5 | P94: =P75+P77+P79+P81+P83+P85 -> 8 | Q94: =Q75+Q77+Q79+Q81+Q83+Q85 -> 8 | R94: =R75+R77+R79+R81+R83+R85 -> 13 | S94: =S75+S77+S79+S81+S83+S85 -> 8 | V94: =V75+V77+V79+V81+V83+V85 -> 9 | W94: =W75+W77+W79+W81+W83+W85 -> 11 | X94: =X75+X77+X79+X81+X83+X85 -> 6 | Y94: =Y75+Y77+Y79+Y81+Y83+Y85 -> 13 | Z94: =Z75+Z77+Z79+Z81+Z83+Z85 -> 8 | AC94: =AC75+AC77+AC79+AC81+AC83+AC85 -> 14 | AD94: =AD75+AD77+AD79+AD81+AD83+AD85 -> 9 | AE94: =AE75+AE77+AE79+AE81+AE83+AE85 -> 13 | AF94: =SUM(AF75,AF77,AF79,AF81,AF83,AF85) -> 18 | AG94: =SUM(AG75,AG77,AG79,AG81,AG83,AG85) -> 5 | AI94: =SUM(D94:AH94) -> 195
AJ95: observações:
A96: Restaurante ALVORADA | B96: Novos cadastros | E96: 0 | H96: 0 | I96: 1 | J96: 1 | K96: 1 | L96: 2 | O96: 5 | P96: 21 | Q96: 28 | R96: 22 | S96: 17 | V96: 10 | W96: 21 | X96: 16 | Y96: 9 | Z96: 12 | AC96: 1 | AD96: 13 | AE96: 13 | AF96: 11 | AG96: 6 | AI96: =SUM(D96:AH96) -> 210
B97: Usuários por faixa etária | C97: 3-17 anos M | E97: 0 | H97: 0 | I97: 6 | J97: 3 | K97: 6 | L97: 1 | O97: 4 | P97: 3 | Q97: 3 | R97: 5 | S97: 8 | V97: 9 | W97: 5 | X97: 1 | Y97: 9 | Z97: 6 | AC97: 6 | AD97: 8 | AE97: 2 | AF97: 6 | AG97: 15 | AI97: =SUM(D97:AH97) -> 106
C98: 3-17 anos M (PCD) | E98: 0 | H98: 0 | I98: 0 | J98: 0 | K98: 0 | L98: 0 | O98: 0 | P98: 0 | Q98: 0 | R98: 0 | S98: 0 | V98: 0 | W98: 0 | X98: 0 | Y98: 0 | Z98: 0 | AC98: 0 | AD98: 0 | AE98: 0 | AF98: 0 | AG98: 0 | AI98: =SUM(D98:AH98) -> 0
C99: 03-17 anos F | E99: 0 | H99: 0 | I99: 1 | J99: 0 | K99: 2 | L99: 0 | O99: 4 | P99: 0 | Q99: 1 | R99: 0 | S99: 6 | V99: 6 | W99: 3 | X99: 2 | Y99: 3 | Z99: 3 | AC99: 1 | AD99: 10 | AE99: 0 | AF99: 4 | AG99: 10 | AI99: =SUM(D99:AH99) -> 56
C100: 03-17 anos F (PCD) | E100: 0 | H100: 0 | I100: 0 | J100: 0 | K100: 1 | L100: 0 | O100: 0 | P100: 0 | Q100: 1 | R100: 0 | S100: 0 | V100: 0 | W100: 0 | X100: 0 | Y100: 0 | Z100: 0 | AC100: 0 | AD100: 0 | AE100: 0 | AF100: 0 | AG100: 1 | AI100: =SUM(D100:AH100) -> 3
C101: 17-59 M | E101: 124 | H101: 124 | I101: 131 | J101: 125 | K101: 134 | L101: 150 | O101: 102 | P101: 119 | Q101: 95 | R101: 107 | S101: 128 | V101: 103 | W101: 78 | X101: 69 | Y101: 104 | Z101: 125 | AC101: 94 | AD101: 107 | AE101: 103 | AF101: 129 | AG101: 138 | AI101: =SUM(D101:AH101) -> 2389
C102: 17-59 M (PCD) | E102: 1 | H102: 1 | I102: 0 | J102: 0 | K102: 1 | L102: 1 | O102: 0 | P102: 1 | Q102: 1 | R102: 0 | S102: 0 | V102: 0 | W102: 0 | X102: 0 | Y102: 0 | Z102: 0 | AC102: 0 | AD102: 1 | AE102: 0 | AF102: 0 | AG102: 1 | AI102: =SUM(D102:AH102) -> 8
C103: 17-59 F | E103: 85 | H103: 77 | I103: 82 | J103: 65 | K103: 61 | L103: 74 | O103: 48 | P103: 42 | Q103: 44 | R103: 36 | S103: 37 | V103: 38 | W103: 29 | X103: 30 | Y103: 46 | Z103: 43 | AC103: 40 | AD103: 42 | AE103: 45 | AF103: 44 | AG103: 54 | AI103: =SUM(D103:AH103) -> 1062
C104: 17-59 F (PCD) | E104: 0 | H104: 0 | I104: 0 | J104: 0 | K104: 0 | L104: 0 | O104: 0 | P104: 0 | Q104: 0 | R104: 0 | S104: 0 | V104: 0 | W104: 0 | X104: 0 | Y104: 0 | Z104: 0 | AC104: 0 | AD104: 0 | AE104: 0 | AF104: 0 | AG104: 0 | AI104: =SUM(D104:AH104) -> 0
...

Sheet 2
A1: ANO CALENDÁRIO | B1: MÊS | C1: Data | K1: Prato Cheio Capital
A2: 2026 | B2: FEVEREIRO | C2: =DATE(A2,MATCH(B2,{"JANEIRO";"FEVEREIRO";"MARÇO";"ABRIL";"MAIO";"JUNHO";"JULHO";"AGOSTO";"SETEMBRO";"OUTUBRO";"NOVEMBRO";"DEZEMBRO"},0),1) -> 46054 | D2: =IF(ISERROR(DATE($A$2,$B$3,COLUMN()-3)),"",DAY(DATE($A$2,$B$3,COLUMN()-3))) -> 1 | E2: =IF(ISERROR(DATE($A$2,$B$3,COLUMN()-3)),"",DAY(DATE($A$2,$B$3,COLUMN()-3))) -> 2 | F2: =IF(ISERROR(DATE($A$2,$B$3,COLUMN()-3)),"",DAY(DATE($A$2,$B$3,COLUMN()-3))) -> 3 | G2: =IF(ISERROR(DATE($A$2,$B$3,COLUMN()-3)),"",DAY(DATE($A$2,$B$3,COLUMN()-3))) -> 4 | H2: =IF(ISERROR(DATE($A$2,$B$3,COLUMN()-3)),"",DAY(DATE($A$2,$B$3,COLUMN()-3))) -> 5 | I2: =IF(ISERROR(DATE($A$2,$B$3,COLUMN()-3)),"",DAY(DATE($A$2,$B$3,COLUMN()-3))) -> 6 | J2: =IF(ISERROR(DATE($A$2,$B$3,COLUMN()-3)),"",DAY(DATE($A$2,$B$3,COLUMN()-3))) -> 7 | K2: =IF(ISERROR(DATE($A$2,$B$3,COLUMN()-3)),"",DAY(DATE($A$2,$B$3,COLUMN()-3))) -> 8 | ... AE2: =IF(ISERROR(DATE($A$2,$B$3,COLUMN()-3)),"",DAY(DATE($A$2,$B$3,COLUMN()-3))) -> 28
B3: =MATCH(B2,{"JANEIRO";"FEVEREIRO";"MARÇO";"ABRIL";"MAIO";"JUNHO";"JULHO";"AGOSTO";"SETEMBRO";"OUTUBRO";"NOVEMBRO";"DEZEMBRO"},0) -> 2 | D3: =IF(D2="","",TEXT(DATE($A$2,$B$3,D2),"ddd")) -> dom | E3: =IF(E2="","",TEXT(DATE($A$2,$B$3,E2),"ddd")) -> seg | F3: =IF(F2="","",TEXT(DATE($A$2,$B$3,F2),"ddd")) -> ter | G3: =IF(G2="","",TEXT(DATE($A$2,$B$3,G2),"ddd")) -> qua | H3: =IF(H2="","",TEXT(DATE($A$2,$B$3,H2),"ddd")) -> qui | I3: =IF(I2="","",TEXT(DATE($A$2,$B$3,I2),"ddd")) -> sex | J3: =IF(J2="","",TEXT(DATE($A$2,$B$3,J2),"ddd")) -> sáb | K3: =IF(K2="","",TEXT(DATE($A$2,$B$3,K2),"ddd")) -> dom | ... AE3: =IF(AE2="","",TEXT(DATE($A$2,$B$3,AE2),"ddd")) -> sáb | AG3: observações:
A4: Restaurante CENTRO | B4: Novos cadastros | E4: 3 | F4: 2 | G4: 16 | H4: 0 | I4: 0 | L4: 5 | M4: 0 | N4: 0 | O4: 0 | P4: 3 | S4: 3 | V4: 5 | W4: 0 | Z4: 1 | AA4: 2 | AB4: 11 | AC4: 2 | AD4: 4 | AF4: =SUM(D4:AE4) -> 57
B5: Usuários por faixa etária | C5: 3-17 anos M | E5: 6 | F5: 2 | G5: 5 | H5: 2 | I5: 4 | L5: 9 | M5: 16 | N5: 5 | O5: 10 | P5: 3 | S5: 1 | V5: 8 | W5: 5 | Z5: 2 | AA5: 5 | AB5: 9 | AC5: 2 | AD5: 4 | AF5: =SUM(D5:AE5) -> 98
C6: 3-17 anos M (PCD) | E6: 0 | F6: 0 | G6: 0 | H6: 0 | I6: 0 | L6: 0 | M6: 0 | N6: 0 | O6: 0 | P6: 0 | S6: 0 | V6: 0 | W6: 0 | Z6: 0 | AA6: 0 | AB6: 0 | AC6: 0 | AD6: 0 | AF6: =SUM(D6:AE6) -> 0
C7: 03-17 anos F | E7: 0 | F7: 1 | G7: 1 | H7: 1 | I7: 0 | L7: 7 | M7: 16 | N7: 2 | O7: 6 | P7: 4 | S7: 0 | V7: 6 | W7: 2 | Z7: 0 | AA7: 2 | AB7: 0 | AC7: 2 | AD7: 4 | AF7: =SUM(D7:AE7) -> 54
C8: 03-17 anos F (PCD) | E8: 0 | F8: 0 | G8: 0 | H8: 0 | I8: 0 | L8: 0 | M8: 0 | N8: 0 | O8: 0 | P8: 0 | S8: 0 | V8: 0 | W8: 0 | Z8: 0 | AA8: 0 | AB8: 0 | AC8: 0 | AD8: 0 | AF8: =SUM(D8:AE8) -> 0
C9: 17-59 M | E9: 132 | F9: 125 | G9: 107 | H9: 121 | I9: 98 | L9: 111 | M9: 127 | N9: 108 | O9: 111 | P9: 108 | S9: 100 | V9: 121 | W9: 144 | Z9: 122 | AA9: 117 | AB9: 124 | AC9: 100 | AD9: 118 | AF9: =SUM(D9:AE9) -> 2094
C10: 17-59 M (PCD) | E10: 2 | F10: 3 | G10: 4 | H10: 0 | I10: 3 | L10: 1 | M10: 1 | N10: 0 | O10: 2 | P10: 2 | S10: 2 | V10: 1 | W10: 3 | Z10: 1 | AA10: 3 | AB10: 3 | AC10: 0 | AD10: 1 | AF10: =SUM(D10:AE10) -> 32
C11: 17-59 F | E11: 10 | F11: 9 | G11: 10 | H11: 11 | I11: 14 | L11: 21 | M11: 30 | N11: 15 | O11: 17 | P11: 11 | S11: 9 | V11: 18 | W11: 14 | Z11: 11 | AA11: 18 | AB11: 9 | AC11: 13 | AD11: 9 | AF11: =SUM(D11:AE11) -> 249
C12: 17-59 F (PCD) | E12: 0 | F12: 0 | G12: 0 | H12: 0 | I12: 0 | L12: 0 | M12: 1 | N12: 0 | O12: 0 | P12: 0 | S12: 0 | V12: 0 | W12: 0 | Z12: 0 | AA12: 0 | AB12: 0 | AC12: 0 | AD12: 0 | AF12: =SUM(D12:AE12) -> 1
C13: a partir de 60 anos M | E13: 125 | F13: 106 | G13: 119 | H13: 140 | I13: 111 | L13: 110 | M13: 141 | N13: 118 | O13: 133 | P13: 132 | S13: 100 | V13: 135 | W13: 148 | Z13: 106 | AA13: 134 | AB13: 133 | AC13: 108 | AD13: 124 | AF13: =SUM(D13:AE13) -> 2223
C14: a partir de 60 anos M (PCD) | E14: 5 | F14: 5 | G14: 4 | H14: 4 | I14: 4 | L14: 7 | M14: 6 | N14: 4 | O14: 9 | P14: 3 | S14: 5 | V14: 7 | W14: 6 | Z14: 7 | AA14: 8 | AB14: 8 | AC14: 7 | AD14: 7 | AF14: =SUM(D14:AE14) -> 106
C15: a partir de 60 anos F | E15: 9 | F15: 9 | G15: 7 | H15: 11 | I15: 9 | L15: 9 | M15: 16 | N15: 8 | O15: 6 | P15: 7 | S15: 7 | V15: 7 | W15: 8 | Z15: 11 | AA15: 8 | AB15: 10 | AC15: 4 | AD15: 5 | AF15: =SUM(D15:AE15) -> 151
C16: a partir de 60 anos F (PCD) | E16: 1 | F16: 1 | G16: 0 | H16: 0 | I16: 0 | L16: 0 | M16: 1 | N16: 1 | O16: 0 | P16: 1 | S16: 0 | V16: 0 | W16: 1 | Z16: 1 | AA16: 0 | AB16: 0 | AC16: 0 | AD16: 1 | AF16: =SUM(D16:AE16) -> 8
C17: Pessoas em situação de rua M | E17: 101 | F17: 71 | G17: 69 | H17: 95 | I17: 54 | L17: 114 | M17: 133 | N17: 66 | O17: 95 | P17: 68 | S17: 55 | V17: 106 | W17: 81 | Z17: 86 | AA17: 67 | AB17: 100 | AC17: 150 | AD17: 78 | AF17: =SUM(D17:AE17) -> 1589
... C19: sem cadastro (genéricas) | E19: 174 | F19: 266 | G19: 269 | H19: 211 | I19: 300 | L19: 206 | M19: 103 | N19: 268 | O19: 207 | P19: 257 | S19: 167 | V19: 181 | W19: 185 | Z19: 248 | AA19: 236 | AB19: 192 | AC19: 101 | AD19: 249 | AF19: =SUM(D19:AE19) -> 3820
B20: Usuários ATENDIDOS (ref. Vendidas) | E20: =SUM(E5:E19) -> 568 | F20: =SUM(F5:F19) -> 600 | G20: =SUM(G5:G19) -> 600 | H20: =SUM(H5:H19) -> 600 | I20: =SUM(I5:I19) -> 600 | L20: =SUM(L5:L19) -> 600 | M20: =SUM(M5:M19) -> 600 | N20: =SUM(N5:N19) -> 600 | O20: =SUM(O5:O19) -> 600 | P20: =SUM(P5:P19) -> 600 | S20: =SUM(S5:S19) -> 457 | V20: =SUM(V5:V19) -> 600 | W20: =SUM(W5:W19) -> 600 | Z20: =SUM(Z5:Z19) -> 600 | AA20: =SUM(AA5:AA19) -> 600 | AB20: =SUM(AB5:AB19) -> 595 | AC20: =SUM(AC5:AC19) -> 492 | AD20: =SUM(AD5:AD19) -> 600 | AF20: =SUM(D20:AE20) -> 10512
B21: Refeições Servidas | E21: 555 | F21: 582 | G21: 590 | H21: 583 | I21: 600 | L21: 597 | M21: 582 | N21: 600 | O21: 578 | P21: 590 | S21: 452 | V21: 584 | W21: 586 | Z21: 593 | AA21: 581 | AB21: 595 | AC21: 487 | AD21: 585 | AF21: =SUM(D21:AE21) -> 10320
B22: REFEIÇÕES OFERTADAS | E22: 600 | F22: 600 | G22: 600 | H22: 600 | I22: 600 | L22: 600 | M22: 600 | N22: 600 | O22: 600 | P22: 600 | S22: 600 | V22: 600 | W22: 600 | Z22: 600 | AA22: 600 | AB22: 600 | AC22: 600 | AD22: 600 | AF22: =SUM(D22:AE22) -> 10800
B23: SOBRA DE REFEIÇÕES | E23: =E22-E21 -> 45 | F23: =F22-F21 -> 18 | G23: =G22-G21 -> 10 | H23: =H22-H21 -> 17 | I23: =I22-I21 -> 0 | L23: =L22-L21 -> 3 | M23: =M22-M21 -> 18 | N23: =N22-N21 -> 0 | O23: =O22-O21 -> 22 | P23: =P22-P21 -> 10 | S23: =S22-S21 -> 148 | V23: =V22-V21 -> 16 | W23: =W22-W21 -> 14 | Z23: =Z22-Z21 -> 7 | AA23: =AA22-AA21 -> 19 | AB23: =AB22-AB21 -> 5 | AC23: =AC22-AC21 -> 113 | AD23: =AD22-AD21 -> 15 | AF23: =SUM(D23:AE23) -> 480
B24: SOBRA DE SENHAS (não vendidas) | E24: =E22-E20 -> 32 | F24: =F22-F20 -> 0 | G24: =G22-G20 -> 0 | H24: =H22-H20 -> 0 | I24: =I22-I20 -> 0 | L24: =L22-L20 -> 0 | M24: =M22-M20 -> 0 | N24: =N22-N20 -> 0 | O24: =O22-O20 -> 0 | P24: =P22-P20 -> 0 | S24: =S22-S20 -> 143 | V24: =V22-V20 -> 0 | W24: =W22-W20 -> 0 | Z24: =Z22-Z20 -> 0 | AA24: =AA22-AA20 -> 0 | AB24: =AB22-AB20 -> 5 | AC24: =AC22-AC20 -> 108 | AD24: =AD22-AD20 -> 0 | AF24: =SUM(D24:AE24) -> 288
B25: Atendimento à Pessoas com Deficiência | E25: =E6+E8+E10+E12+E14+E16 -> 8 | F25: =F6+F8+F10+F12+F14+F16 -> 9 | G25: =G6+G8+G10+G12+G14+G16 -> 8 | H25: =H6+H8+H10+H12+H14+H16 -> 4 | I25: =I6+I8+I10+I12+I14+I16 -> 7 | L25: =L6+L8+L10+L12+L14+L16 -> 8 | M25: =M6+M8+M10+M12+M14+M16 -> 9 | N25: =N7+N9+N11+N13+N15+N17 -> 317 | O25: =O6+O8+O10+O12+O14+O16 -> 11 | P25: =P6+P8+P10+P12+P14+P16 -> 6 | S25: =S6+S8+S10+S12+S14+S16 -> 7 | V25: =V6+V8+V10+V12+V14+V16 -> 8 | W25: =W6+W8+W10+W12+W14+W16 -> 10 | Z25: =Z6+Z8+Z10+Z12+Z14+Z16 -> 9 | AA25: =AA6+AA8+AA10+AA12+AA14+AA16 -> 11 | AB25: =AB6+AB8+AB10+AB12+AB14+AB16 -> 11 | AC25: =AC6+AC8+AC10+AC12+AC14+AC16 -> 7 | AD25: =AD6+AD8+AD10+AD12+AD14+AD16 -> 9 | AF25: =SUM(D25:AE25) -> 459
AG26: observações:
A27: Restaurante COMPENSA | B27: Novos cadastros | E27: 0 | F27: 0 | G27: 0 | H27: 0 | I27: 0 | L27: 0 | M27: 0 | N27: 0 | O27: 0 | P27: 0 | S27: 0 | V27: 5 | W27: 6 | Z27: 0 | AA27: 0 | AB27: 0 | AC27: 0 | AD27: 0 | AF27: =SUM(D27:AE27) -> 11
B28: Usuários por faixa etária | C28: 3-17 anos M | E28: 0 | F28: 0 | G28: 0 | H28: 0 | I28: 0 | L28: 0 | M28: 0 | N28: 0 | O28: 0 | P28: 0 | S28: 0 | V28: 3 | W28: 2 | Z28: 0 | AA28: 0 | AB28: 0 | AC28: 0 | AD28: 0 | AF28: =SUM(D28:AE28) -> 5
C29: 3-17 anos M (PCD) | E29: 0 | F29: 0 | G29: 0 | H29: 0 | I29: 0 | L29: 0 | M29: 0 | N29: 0 | O29: 0 | P29: 0 | S29: 0 | V29: 1 | W29: 1 | Z29: 0 | AA29: 0 | AB29: 0 | AC29: 0 | AD29: 0 | AF29: =SUM(D29:AE29) -> 2
C30: 03-17 anos F | E30: 0 | F30: 0 | G30: 0 | H30: 0 | I30: 0 | L30: 0 | M30: 0 | N30: 0 | O30: 0 | P30: 0 | S30: 0 | V30: 5 | W30: 6 | Z30: 0 | AA30: 0 | AB30: 0 | AC30: 0 | AD30: 0 | AF30: =SUM(D30:AE30) -> 11
C31: 03-17 anos F (PCD) | E31: 0 | F31: 0 | G31: 0 | H31: 0 | I31: 0 | L31: 0 | M31: 0 | N31: 0 | O31: 0 | P31: 0 | S31: 0 | V31: 0 | W31: 0 | Z31: 0 | AA31: 0 | AB31: 0 | AC31: 0 | AD31: 0 | AF31: =SUM(D31:AE31) -> 0
C32: 17-59 M | E32: 0 | F32: 0 | G32: 0 | H32: 0 | I32: 0 | L32: 0 | M32: 0 | N32: 0 | O32: 0 | P32: 0 | S32: 0 | V32: 89 | W32: 79 | Z32: 0 | AA32: 0 | AB32: 0 | AC32: 0 | AD32: 0 | AF32: =SUM(D32:AE32) -> 168
C33: 17-59 M (PCD) | E33: 0 | F33: 0 | G33: 0 | H33: 0 | I33: 0 | L33: 0 | M33: 0 | N33: 0 | O33: 0 | P33: 0 | S33: 0 | V33: 4 | W33: 4 | Z33: 0 | AA33: 0 | AB33: 0 | AC33: 0 | AD33: 0 | AF33: =SUM(D33:AE33) -> 8
C34: 17-59 F | E34: 0 | F34: 0 | G34: 0 | H34: 0 | I34: 0 | L34: 0 | M34: 0 | N34: 0 | O34: 0 | P34: 0 | S34: 0 | V34: 31 | W34: 32 | Z34: 0 | AA34: 0 | AB34: 0 | AC34: 0 | AD34: 0 | AF34: =SUM(D34:AE34) -> 63
C35: 17-59 F (PCD) | E35: 0 | F35: 0 | G35: 0 | H35: 0 | I35: 0 | L35: 0 | M35: 0 | N35: 0 | O35: 0 | P35: 0 | S35: 0 | V35: 2 | W35: 3 | Z35: 0 | AA35: 0 | AB35: 0 | AC35: 0 | AD35: 0 | AF35: =SUM(D35:AE35) -> 5
C36: a partir de 60 anos M | E36: 0 | F36: 0 | G36: 0 | H36: 0 | I36: 0 | L36: 0 | M36: 0 | N36: 0 | O36: 0 | P36: 0 | S36: 0 | V36: 80 | W36: 71 | Z36: 0 | AA36: 0 | AB36: 0 | AC36: 0 | AD36: 0 | AF36: =SUM(D36:AE36) -> 151
C37: a partir de 60 anos M (PCD) | E37: 0 | F37: 0 | G37: 0 | H37: 0 | I37: 0 | L37: 0 | M37: 0 | N37: 0 | O37: 0 | P37: 0 | S37: 0 | V37: 4 | W37: 5 | Z37: 0 | AA37: 0 | AB37: 0 | AC37: 0 | AD37: 0 | AF37: =SUM(D37:AE37) -> 9
C38: a partir de 60 anos F | E38: 0 | F38: 0 | G38: 0 | H38: 0 | I38: 0 | L38: 0 | M38: 0 | N38: 0 | O38: 0 | P38: 0 | S38: 0 | V38: 21 | W38: 23 | Z38: 0 | AA38: 0 | AB38: 0 | AC38: 0 | AD38: 0 | AF38: =SUM(D38:AE38) -> 44
C39: a partir de 60 anos F (PCD) | E39: 0 | F39: 0 | G39: 0 | H39: 0 | I39: 0 | L39: 0 | M39: 0 | N39: 0 | O39: 0 | P39: 0 | S39: 0 | V39: 2 | W39: 2 | Z39: 0 | AA39: 0 | AB39: 0 | AC39: 0 | AD39: 0 | AF39: =SUM(D39:AE39) -> 4
C40: Pessoas em situação de rua M | E40: 0 | F40: 0 | G40: 0 | H40: 0 | I40: 0 | L40: 0 | M40: 0 | N40: 0 | O40: 0 | P40: 0 | S40: 0 | V40: 20 | W40: 14 | Z40: 0 | AA40: 0 | AB40: 0 | AC40: 0 | AD40: 0 | AF40: =SUM(D40:AE40) -> 34
... C42: sem cadastro (genéricas) | E42: 0 | F42: 0 | G42: 0 | H42: 0 | I42: 0 | L42: 0 | M42: 0 | N42: 0 | O42: 0 | P42: 0 | S42: 0 | V42: 8 | W42: 27 | Z42: 0 | AA42: 0 | AB42: 0 | AC42: 0 | AD42: 0 | AF42: =SUM(D42:AE42) -> 35
B43: Usuários ATENDIDOS (ref. Vendidas) | E43: 169 | F43: 216 | G43: 249 | H43: 270 | I43: 265 | L43: 270 | M43: 270 | N43: 270 | O43: 270 | P43: 270 | S43: 173 | V43: =SUM(V28:V42) -> 270 | W43: =SUM(W28:W42) -> 270 | Z43: 270 | AA43: 270 | AB43: 270 | AC43: 270 | AD43: 270 | AF43: =SUM(D43:AE43) -> 4582
B44: Refeições Servidas | E44: 169 | F44: 216 | G44: 222 | H44: 270 | I44: 265 | L44: 265 | M44: 263 | N44: 270 | O44: 270 | P44: 263 | S44: 173 | V44: 263 | W44: 260 | Z44: 254 | AA44: 268 | AB44: 270 | AC44: 268 | AD44: 260 | AF44: =SUM(D44:AE44) -> 4489
B45: REFEIÇÕES OFERTADAS | E45: 270 | F45: 270 | G45: 270 | H45: 270 | I45: 270 | L45: 270 | M45: 270 | N45: 270 | O45: 270 | P45: 270 | S45: 270 | V45: 270 | W45: 270 | Z45: 270 | AA45: 270 | AB45: 270 | AC45: 270 | AD45: 270 | AF45: =SUM(D45:AE45) -> 4860
B46: SOBRA DE REFEIÇÕES | E46: =E45-E44 -> 101 | F46: =F45-F44 -> 54 | G46: =G45-G44 -> 48 | H46: =H45-H44 -> 0 | I46: =I45-I44 -> 5 | L46: =L45-L44 -> 5 | M46: =M45-M44 -> 7 | N46: =N45-N44 -> 0 | O46: =O45-O44 -> 0 | P46: =P45-P44 -> 7 | S46: =S45-S44 -> 97 | V46: =V45-V44 -> 7 | W46: =W45-W44 -> 10 | Z46: =Z45-Z44 -> 16 | AA46: =AA45-AA44 -> 2 | AB46: =AB45-AB44 -> 0 | AC46: =AC45-AC44 -> 2 | AD46: =AD45-AD44 -> 10 | AF46: =SUM(D46:AE46) -> 371
B47: SOBRA DE SENHAS (não vendidas) | E47: =E45-E43 -> 101 | F47: =F45-F43 -> 54 | G47: =G45-G43 -> 21 | H47: =H45-H43 -> 0 | I47: =I45-I43 -> 5 | L47: =L45-L43 -> 0 | M47: =M45-M43 -> 0 | N47: =N45-N43 -> 0 | O47: =O45-O43 -> 0 | P47: =P45-P43 -> 0 | S47: =S45-S43 -> 97 | V47: =V45-V43 -> 0 | W47: =W45-W43 -> 0 | Z47: =Z45-Z43 -> 0 | AA47: =AA45-AA43 -> 0 | AB47: =AB45-AB43 -> 0 | AC47: =AC45-AC43 -> 0 | AD47: =AD45-AD43 -> 0 | AF47: =SUM(D47:AE47) -> 278
B48: Atendimento à Pessoas com Deficiência | E48: =E29+E31+E33+E35+E37+E39 -> 0 | F48: =F29+F31+F33+F35+F37+F39 -> 0 | G48: =G29+G31+G33+G35+G37+G39 -> 0 | H48: =H29+H31+H33+H35+H37+H39 -> 0 | I48: =I29+I31+I33+I35+I37+I39 -> 0 | L48: =L29+L31+L33+L35+L37+L39 -> 0 | M48: =M29+M31+M33+M35+M37+M39 -> 0 | N48: =N29+N31+N33+N35+N37+N39 -> 0 | O48: =O29+O31+O33+O35+O37+O39 -> 0 | P48: =P29+P31+P33+P35+P37+P39 -> 0 | S48: =S29+S31+S33+S35+S37+S39 -> 0 | V48: =V29+V31+V33+V35+V37+V39 -> 13 | W48: =W29+W31+W33+W35+W37+W39 -> 15 | Z48: =Z29+Z31+Z33+Z35+Z37+Z39 -> 0 | AA48: =AA29+AA31+AA33+AA35+AA37+AA39 -> 0 | AB48: =AB29+AB31+AB33+AB35+AB37+AB39 -> 0 | AC48: =AC29+AC31+AC33+AC35+AC37+AC39 -> 0 | AD48: =AD29+AD31+AD33+AD35+AD37+AD39 -> 0 | AF48: =SUM(D48:AE48) -> 28
AG49: observações:
A50: Restaurante JORGE TEIXEIRA | B50: Novos cadastros | E50: 1 | F50: 6 | G50: 3 | H50: 1 | I50: 2 | L50: 1 | M50: 2 | N50: 2 | O50: 12 | P50: 3 | S50: 3 | V50: 5 | W50: 6 | Z50: 7 | AA50: 2 | AB50: 8 | AC50: 1 | AD50: 8 | AF50: =SUM(D50:AE50) -> 73
B51: Usuários por faixa etária | C51: 3-17 anos M | E51: 12 | F51: 5 | G51: 12 | H51: 11 | I51: 5 | L51: 12 | M51: 12 | N51: 14 | O51: 9 | P51: 13 | S51: 9 | V51: 13 | W51: 2 | Z51: 9 | AA51: 14 | AB51: 14 | AC51: 9 | AD51: 14 | AF51: =SUM(D51:AE51) -> 189
C52: 3-17 anos M (PCD) | E52: 0 | F52: 0 | G52: 0 | H52: 0 | I52: 0 | L52: 0 | M52: 0 | N52: 0 | O52: 0 | P52: 0 | S52: 0 | V52: 0 | W52: 1 | Z52: 0 | AA52: 0 | AB52: 0 | AC52: 0 | AD52: 0 | AF52: =SUM(D52:AE52) -> 1
C53: 03-17 anos F | E53: 13 | F53: 6 | G53: 16 | H53: 12 | I53: 11 | L53: 17 | M53: 12 | N53: 14 | O53: 16 | P53: 14 | S53: 6 | V53: 14 | W53: 6 | Z53: 7 | AA53: 17 | AB53: 21 | AC53: 7 | AD53: 17 | AF53: =SUM(D53:AE53) -> 226
C54: 03-17 anos F (PCD) | E54: 0 | F54: 0 | G54: 0 | H54: 0 | I54: 0 | L54: 0 | M54: 0 | N54: 0 | O54: 0 | P54: 0 | S54: 0 | V54: 0 | W54: 0 | Z54: 0 | AA54: 0 | AB54: 0 | AC54: 0 | AD54: 0 | AF54: =SUM(D54:AE54) -> 0
C55: 17-59 M | E55: 83 | F55: 83 | G55: 94 | H55: 84 | I55: 64 | L55: 101 | M55: 87 | N55: 104 | O55: 80 | P55: 99 | S55: 60 | V55: 84 | W55: 79 | Z55: 82 | AA55: 93 | AB55: 74 | AC55: 53 | AD55: 97 | AF55: =SUM(D55:AE55) -> 1501
C56: 17-59 M (PCD) | E56: 1 | F56: 1 | G56: 2 | H56: 2 | I56: 0 | L56: 1 | M56: 1 | N56: 1 | O56: 1 | P56: 0 | S56: 1 | V56: 1 | W56: 4 | Z56: 1 | AA56: 2 | AB56: 0 | AC56: 1 | AD56: 1 | AF56: =SUM(D56:AE56) -> 21
C57: 17-59 F | E57: 25 | F57: 20 | G57: 35 | H57: 26 | I57: 22 | L57: 30 | M57: 28 | N57: 29 | O57: 27 | P57: 41 | S57: 24 | V57: 29 | W57: 32 | Z57: 29 | AA57: 33 | AB57: 25 | AC57: 16 | AD57: 35 | AF57: =SUM(D57:AE57) -> 506
C58: 17-59 F (PCD) | E58: 1 | F58: 0 | G58: 0 | H58: 1 | I58: 0 | L58: 1 | M58: 0 | N58: 0 | O58: 0 | P58: 0 | S58: 0 | V58: 0 | W58: 3 | Z58: 0 | AA58: 0 | AB58: 0 | AC58: 1 | AD58: 0 | AF58: =SUM(D58:AE58) -> 7
C59: a partir de 60 anos M | E59: 78 | F59: 95 | G59: 86 | H59: 78 | I59: 73 | L59: 90 | M59: 89 | N59: 79 | O59: 77 | P59: 90 | S59: 64 | V59: 83 | W59: 71 | Z59: 86 | AA59: 87 | AB59: 83 | AC59: 56 | AD59: 93 | AF59: =SUM(D59:AE59) -> 1458
C60: a partir de 60 anos M (PCD) | E60: 1 | F60: 1 | G60: 1 | H60: 0 | I60: 0 | L60: 1 | M60: 1 | N60: 1 | O60: 1 | P60: 1 | S60: 0 | V60: 1 | W60: 5 | Z60: 0 | AA60: 0 | AB60: 1 | AC60: 0 | AD60: 0 | AF60: =SUM(D60:AE60) -> 15
C61: a partir de 60 anos F | E61: 19 | F61: 13 | G61: 20 | H61: 8 | I61: 17 | L61: 20 | M61: 19 | N61: 25 | O61: 10 | P61: 22 | S61: 14 | V61: 13 | W61: 23 | Z61: 21 | AA61: 16 | AB61: 18 | AC61: 3 | AD61: 22 | AF61: =SUM(D61:AE61) -> 303
C62: a partir de 60 anos F (PCD) | E62: 0 | F62: 0 | G62: 0 | H62: 0 | I62: 0 | L62: 0 | M62: 0 | N62: 0 | O62: 0 | P62: 0 | S62: 0 | V62: 0 | W62: 2 | Z62: 0 | AA62: 0 | AB62: 0 | AC62: 0 | AD62: 0 | AF62: =SUM(D62:AE62) -> 2
C63: Pessoas em situação de rua M | E63: 36 | F63: 31 | G63: 34 | H63: 31 | I63: 28 | L63: 38 | M63: 35 | N63: 32 | O63: 36 | P63: 32 | S63: 24 | V63: 28 | W63: 14 | Z63: 35 | AA63: 36 | AB63: 31 | AC63: 20 | AD63: 44 | AF63: =SUM(D63:AE63) -> 565
... C65: sem cadastro (genéricas) | E65: 90 | F65: 79 | G65: 122 | H65: 104 | I65: 79 | L65: 100 | M65: 100 | N65: 130 | O65: 119 | P65: 101 | S65: 54 | V65: 109 | W65: 27 | Z65: 118 | AA65: 106 | AB65: 131 | AC65: 78 | AD65: 142 | AF65: =SUM(D65:AE65) -> 1789
B66: Usuários ATENDIDOS (ref. Vendidas) | E66: =SUM(E51:E65) -> 362 | F66: =SUM(F51:F65) -> 339 | G66: =SUM(G51:G65) -> 425 | H66: =SUM(H51:H65) -> 360 | I66: =SUM(I51:I65) -> 301 | L66: =SUM(L51:L65) -> 414 | M66: =SUM(M51:M65) -> 386 | N66: =SUM(N51:N65) -> 431 | O66: =SUM(O51:O65) -> 378 | P66: =SUM(P51:P65) -> 417 | S66: =SUM(S51:S65) -> 258 | V66: =SUM(V51:V65) -> 376 | W66: =SUM(W51:W65) -> 270 | Z66: =SUM(Z51:Z65) -> 389 | AA66: =SUM(AA51:AA65) -> 407 | AB66: =SUM(AB51:AB65) -> 400 | AC66: =SUM(AC51:AC65) -> 245 | AD66: =SUM(AD51:AD65) -> 468 | AF66: =SUM(D66:AE66) -> 6626
B67: Refeições Servidas | E67: 351 | F67: 333 | G67: 422 | H67: 291 | I67: 270 | L67: 403 | M67: 370 | N67: 419 | O67: 343 | P67: 408 | S67: 253 | V67: 374 | W67: 260 | Z67: 381 | AA67: 404 | AB67: 392 | AC67: 245 | AD67: 457 | AF67: =SUM(D67:AE67) -> 6376
B68: REFEIÇÕES OFERTADAS | E68: 500 | F68: 500 | G68: 500 | H68: 500 | I68: 500 | L68: 500 | M68: 500 | N68: 500 | O68: 500 | P68: 500 | S68: 500 | V68: 500 | W68: 500 | Z68: 500 | AA68: 500 | AB68: 500 | AC68: 500 | AD68: 500 | AF68: =SUM(D68:AE68) -> 9000
B69: SOBRA DE REFEIÇÕES | E69: =E68-E67 -> 149 | F69: =F68-F67 -> 167 | G69: =G68-G67 -> 78 | H69: =H68-H67 -> 209 | I69: =I68-I67 -> 230 | L69: =L68-L67 -> 97 | M69: =M68-M67 -> 130 | N69: =N68-N67 -> 81 | O69: =O68-O67 -> 157 | P69: =P68-P67 -> 92 | S69: =S68-S67 -> 247 | V69: =V68-V67 -> 126 | W69: =W68-W67 -> 240 | Z69: =Z68-Z67 -> 119 | AA69: =AA68-AA67 -> 96 | AB69: =AB68-AB67 -> 108 | AC69: =AC68-AC67 -> 255 | AD69: =AD68-AD67 -> 43 | AF69: =SUM(D69:AE69) -> 2624
B70: SOBRA DE SENHAS (não vendidas) | E70: =E68-E66 -> 138 | F70: =F68-F66 -> 161 | G70: =G68-G66 -> 75 | H70: =H68-H66 -> 140 | I70: =I68-I66 -> 199 | L70: =L68-L66 -> 86 | M70: =M68-M66 -> 114 | N70: =N68-N66 -> 69 | O70: =O68-O66 -> 122 | P70: =P68-P66 -> 83 | S70: =S68-S66 -> 242 | V70: =V68-V66 -> 124 | W70: =W68-W66 -> 230 | Z70: =Z68-Z66 -> 111 | AA70: =AA68-AA66 -> 93 | AB70: =AB68-AB66 -> 100 | AC70: =AC68-AC66 -> 255 | AD70: =AD68-AD66 -> 32 | AF70: =SUM(D70:AE70) -> 2374
B71: Atendimento à Pessoas com Deficiência | E71: =E52+E54+E56+E58+E60+E62 -> 3 | F71: =F52+F54+F56+F58+F60+F62 -> 2 | G71: =G52+G54+G56+G58+G60+G62 -> 3 | H71: =H52+H54+H56+H58+H60+H62 -> 3 | I71: =I52+I54+I56+I58+I60+I62 -> 0 | L71: =L52+L54+L56+L58+L60+L62 -> 3 | M71: =M52+M54+M56+M58+M60+M62 -> 2 | N71: =N52+N54+N56+N58+N60+N62 -> 2 | O71: =O52+O54+O56+O58+O60+O62 -> 2 | P71: =P52+P54+P56+P58+P60+P62 -> 1 | S71: =S52+S54+S56+S58+S60+S62 -> 1 | V71: =V52+V54+V56+V58+V60+V62 -> 2 | W71: =W52+W54+W56+W58+W60+W62 -> 15 | Z71: =Z52+Z54+Z56+Z58+Z60+Z62 -> 1 | AA71: =AA52+AA54+AA56+AA58+AA60+AA62 -> 2 | AB71: =AB52+AB54+AB56+AB58+AB60+AB62 -> 1 | AC71: =AC52+AC54+AC56+AC58+AC60+AC62 -> 2 | AD71: =AD52+AD54+AD56+AD58+AD60+AD62 -> 1 | AF71: =SUM(D71:AE71) -> 46
AG72: observações:
A73: Restaurante NOVO ISRAEL | B73: Novos cadastros | E73: 2 | F73: 0 | G73: 4 | H73: 4 | I73: 19 | L73: 16 | M73: 20 | N73: 12 | O73: 14 | P73: 8 | S73: 1 | V73: 1 | W73: 2 | Z73: 19 | AA73: 11 | AB73: 7 | AC73: 10 | AD73: 19 | AF73: =SUM(D73:AE73) -> 169
B74: Usuários por faixa etária | C74: 3-17 anos M | E74: 49 | F74: 53 | G74: 4 | H74: 48 | I74: 20 | L74: 36 | M74: 37 | N74: 28 | O74: 32 | P74: 24 | S74: 31 | V74: 58 | W74: 42 | Z74: 19 | AA74: 30 | AB74: 31 | AC74: 10 | AD74: 23 | AF74: =SUM(D74:AE74) -> 575
C75: 3-17 anos M (PCD) | E75: 3 | F75: 3 | G75: 2 | H75: 2 | I75: 4 | L75: 5 | M75: 4 | N75: 0 | O75: 2 | P75: 4 | S75: 0 | V75: 4 | W75: 2 | Z75: 3 | AA75: 0 | AB75: 4 | AC75: 0 | AD75: 0 | AF75: =SUM(D75:AE75) -> 42
C76: 03-17 anos F | E76: 37 | F76: 35 | G76: 4 | H76: 33 | I76: 7 | L76: 34 | M76: 25 | N76: 23 | O76: 28 | P76: 32 | S76: 19 | V76: 32 | W76: 31 | Z76: 16 | AA76: 30 | AB76: 34 | AC76: 5 | AD76: 17 | AF76: =SUM(D76:AE76) -> 442
C77: 03-17 anos F (PCD) | E77: 0 | F77: 1 | G77: 0 | H77: 0 | I77: 1 | L77: 0 | M77: 1 | N77: 0 | O77: 1 | P77: 1 | S77: 0 | V77: 1 | W77: 0 | Z77: 0 | AA77: 1 | AB77: 1 | AC77: 1 | AD77: 1 | AF77: =SUM(D77:AE77) -> 10
C78: 17-59 M | E78: 105 | F78: 112 | G78: 44 | H78: 121 | I78: 66 | L78: 116 | M78: 95 | N78: 105 | O78: 95 | P78: 108 | S78: 67 | V78: 117 | W78: 112 | Z78: 75 | AA78: 79 | AB78: 1 | AC78: 45 | AD78: 84 | AF78: =SUM(D78:AE78) -> 1547
C79: 17-59 M (PCD) | E79: 4 | F79: 6 | G79: 3 | H79: 2 | I79: 3 | L79: 5 | M79: 4 | N79: 3 | O79: 4 | P79: 7 | S79: 1 | V79: 8 | W79: 5 | Z79: 5 | AA79: 3 | AB79: 92 | AC79: 5 | AD79: 4 | AF79: =SUM(D79:AE79) -> 164
C80: 17-59 F | E80: 78 | F80: 80 | G80: 19 | H80: 75 | I80: 22 | L80: 74 | M80: 65 | N80: 69 | O80: 49 | P80: 62 | S80: 57 | V80: 94 | W80: 72 | Z80: 45 | AA80: 52 | AB80: 3 | AC80: 16 | AD80: 47 | AF80: =SUM(D80:AE80) -> 979
C81: 17-59 F (PCD) | E81: 0 | F81: 2 | G81: 0 | H81: 0 | I81: 0 | L81: 1 | M81: 2 | N81: 1 | O81: 1 | P81: 2 | S81: 2 | V81: 2 | W81: 1 | Z81: 0 | AA81: 1 | AB81: 69 | AC81: 0 | AD81: 0 | AF81: =SUM(D81:AE81) -> 84
C82: a partir de 60 anos M | E82: 67 | F82: 76 | G82: 51 | H82: 82 | I82: 60 | L82: 70 | M82: 61 | N82: 99 | O82: 81 | P82: 83 | S82: 40 | V82: 76 | W82: 72 | Z82: 76 | AA82: 76 | AB82: 1 | AC82: 44 | AD82: 49 | AF82: =SUM(D82:AE82) -> 1164
C83: a partir de 60 anos M (PCD) | E83: 0 | F83: 0 | G83: 3 | H83: 2 | I83: 1 | L83: 1 | M83: 1 | N83: 4 | O83: 4 | P83: 3 | S83: 1 | V83: 0 | W83: 1 | Z83: 2 | AA83: 3 | AB83: 80 | AC83: 1 | AD83: 3 | AF83: =SUM(D83:AE83) -> 110
C84: a partir de 60 anos F | E84: 21 | F84: 29 | G84: 15 | H84: 24 | I84: 21 | L84: 24 | M84: 18 | N84: 30 | O84: 25 | P84: 28 | S84: 16 | V84: 24 | W84: 30 | Z84: 22 | AA84: 21 | AB84: 3 | AC84: 18 | AD84: 23 | AF84: =SUM(D84:AE84) -> 392
C85: a partir de 60 anos F (PCD) | E85: 0 | F85: 0 | G85: 0 | H85: 0 | I85: 0 | L85: 0 | M85: 0 | N85: 0 | O85: 0 | P85: 1 | S85: 0 | V85: 0 | W85: 0 | Z85: 0 | AA85: 0 | AB85: 44 | AC85: 0 | AD85: 1 | AF85: =SUM(D85:AE85) -> 46
C86: Pessoas em situação de rua M | E86: 4 | F86: 6 | G86: 2 | H86: 5 | I86: 2 | L86: 4 | M86: 5 | N86: 1 | O86: 3 | P86: 2 | S86: 8 | V86: 7 | W86: 10 | Z86: 5 | AA86: 5 | AB86: 1 | AC86: 1 | AD86: 9 | AF86: =SUM(D86:AE86) -> 80
... C88: sem cadastro (genéricas) | E88: 28 | F88: 47 | G88: 211 | H88: 25 | I88: 168 | L88: 70 | M88: 132 | N88: 50 | O88: 125 | P88: 92 | S88: 29 | V88: 27 | W88: 23 | Z88: 135 | AA88: 137 | AB88: 61 | AC88: 163 | AD88: 109 | AF88: =SUM(D88:AE88) -> 1632
B89: Usuários ATENDIDOS (ref. Vendidas) | E89: =SUM(E74:E88) -> 396 | F89: =SUM(F74:F88) -> 450 | G89: =SUM(G74:G88) -> 358 | H89: =SUM(H74:H88) -> 419 | I89: =SUM(I74:I88) -> 375 | L89: =SUM(L74:L88) -> 440 | M89: =SUM(M74:M88) -> 450 | N89: =SUM(N74:N88) -> 413 | O89: =SUM(O74:O88) -> 450 | P89: =SUM(P74:P88) -> 450 | S89: =SUM(S74:S88) -> 271 | V89: =SUM(V74:V88) -> 450 | W89: =SUM(W74:W88) -> 401 | Z89: =SUM(Z74:Z88) -> 403 | AA89: =SUM(AA74:AA88) -> 438 | AB89: =SUM(AB74:AB88) -> 425 | AC89: =SUM(AC74:AC88) -> 309 | AD89: =SUM(AD74:AD88) -> 370 | AF89: =SUM(D89:AE89) -> 7268
B90: Refeições Servidas | E90: 392 | F90: 440 | G90: 352 | H90: 404 | I90: 371 | L90: 440 | M90: 437 | N90: 404 | O90: 430 | P90: 444 | S90: 268 | V90: 437 | W90: 390 | Z90: 390 | AA90: 404 | AB90: 378 | AC90: 309 | AD90: 370 | AF90: =SUM(D90:AE90) -> 7060
B91: REFEIÇÕES OFERTADAS | E91: 450 | F91: 450 | G91: 450 | H91: 450 | I91: 450 | L91: 450 | M91: 450 | N91: 450 | O91: 450 | P91: 450 | S91: 450 | V91: 450 | W91: 450 | Z91: 450 | AA91: 450 | AB91: 450 | AC91: 450 | AD91: 450 | AF91: =SUM(D91:AE91) -> 8100
B92: SOBRA DE REFEIÇÕES | E92: =E91-E90 -> 58 | F92: =F91-F90 -> 10 | G92: =G91-G90 -> 98 | H92: =H91-H90 -> 46 | I92: =I91-I90 -> 79 | L92: =L91-L90 -> 10 | M92: =M91-M90 -> 13 | N92: =N91-N90 -> 46 | O92: =O91-O90 -> 20 | P92: =P91-P90 -> 6 | S92: =S91-S90 -> 182 | V92: =V91-V90 -> 13 | W92: =W91-W90 -> 60 | Z92: =Z91-Z90 -> 60 | AA92: =AA91-AA90 -> 46 | AB92: =AB91-AB90 -> 72 | AC92: =AC91-AC90 -> 141 | AD92: =AD91-AD90 -> 80 | AF92: =SUM(D92:AE92) -> 1040
B93: SOBRA DE SENHAS (não vendidas) | E93: =E91-E89 -> 54 | F93: =F91-F89 -> 0 | G93: =G91-G89 -> 92 | H93: =H91-H89 -> 31 | I93: =I91-I89 -> 75 | L93: =L91-L89 -> 10 | M93: =M91-M89 -> 0 | N93: =N91-N89 -> 37 | O93: =O91-O89 -> 0 | P93: =P91-P89 -> 0 | S93: =S91-S89 -> 179 | V93: =V91-V89 -> 0 | W93: =W91-W89 -> 49 | Z93: =Z91-Z89 -> 47 | AA93: =AA91-AA89 -> 12 | AB93: =AB91-AB89 -> 25 | AC93: =AC91-AC89 -> 141 | AD93: =AD91-AD89 -> 80 | AF93: =SUM(D93:AE93) -> 832
B94: Atendimento à Pessoas com Deficiência | E94: =E75+E77+E79+E81+E83+E85 -> 7 | F94: =F75+F77+F79+F81+F83+F85 -> 12 | G94: =G75+G77+G79+G81+G83+G85 -> 8 | H94: =H75+H77+H79+H81+H83+H85 -> 6 | I94: =I75+I77+I79+I81+I83+I85 -> 9 | L94: =L75+L77+L79+L81+L83+L85 -> 12 | M94: =M75+M77+M79+M81+M83+M85 -> 12 | N94: =N75+N77+N79+N81+N83+N85 -> 8 | O94: =O75+O77+O79+O81+O83+O85 -> 12 | P94: =P75+P77+P79+P81+P83+P85 -> 18 | S94: =S75+S77+S79+S81+S83+S85 -> 4 | V94: =V75+V77+V79+V81+V83+V85 -> 15 | W94: =W75+W77+W79+W81+W83+W85 -> 9 | Z94: =Z75+Z77+Z79+Z81+Z83+Z85 -> 10 | AA94: =AA75+AA77+AA79+AA81+AA83+AA85 -> 8 | AB94: =AB75+AB77+AB79+AB81+AB83+AB85 -> 290 | AC94: =AC75+AC77+AC79+AC81+AC83+AC85 -> 7 | AD94: =AD75+AD77+AD79+AD81+AD83+AD85 -> 9 | AF94: =SUM(D94:AE94) -> 456
AG95: observações:
A96: Restaurante ALVORADA | B96: Novos cadastros | E96: 2 | F96: 1 | G96: 13 | H96: 13 | I96: 8 | L96: 2 | M96: 4 | N96: 1 | O96: 2 | P96: 6 | S96: 2 | V96: 2 | W96: 0 | Z96: 0 | AA96: 11 | AB96: 0 | AC96: 0 | AD96: 2 | AF96: =SUM(D96:AE96) -> 69
B97: Usuários por faixa etária | C97: 3-17 anos M | E97: 1 | F97: 10 | G97: 4 | H97: 4 | I97: 8 | L97: 2 | M97: 3 | N97: 4 | O97: 7 | P97: 5 | S97: 8 | V97: 14 | W97: 10 | Z97: 7 | AA97: 9 | AB97: 8 | AC97: 3 | AD97: 12 | AF97: =SUM(D97:AE97) -> 119
C98: 3-17 anos M (PCD) | E98: 0 | F98: 0 | G98: 0 | H98: 0 | I98: 0 | L98: 0 | M98: 0 | N98: 0 | O98: 0 | P98: 0 | S98: 0 | V98: 0 | W98: 0 | Z98: 0 | AA98: 0 | AB98: 0 | AC98: 0 | AD98: 0 | AF98: =SUM(D98:AE98) -> 0
C99: 03-17 anos F | E99: 2 | F99: 2 | G99: 1 | H99: 1 | I99: 8 | L99: 2 | M99: 5 | N99: 2 | O99: 5 | P99: 4 | S99: 7 | V99: 7 | W99: 11 | Z99: 4 | AA99: 3 | AB99: 8 | AC99: 3 | AD99: 2 | AF99: =SUM(D99:AE99) -> 77
C100: 03-17 anos F (PCD) | E100: 0 | F100: 1 | G100: 0 | H100: 0 | I100: 0 | L100: 0 | M100: 0 | N100: 0 | O100: 0 | P100: 0 | S100: 0 | V100: 0 | W100: 0 | Z100: 0 | AA100: 0 | AB100: 0 | AC100: 0 | AD100: 0 | AF100: =SUM(D100:AE100) -> 1
C101: 17-59 M | E101: 95 | F101: 108 | G101: 101 | H101: 101 | I101: 123 | L101: 102 | M101: 124 | N101: 126 | O101: 116 | P101: 119 | S101: 68 | V101: 113 | W101: 126 | Z101: 98 | AA101: 142 | AB101: 116 | AC101: 81 | AD101: 120 | AF101: =SUM(D101:AE101) -> 1979
C102: 17-59 M (PCD) | E102: 1 | F102: 1 | G102: 0 | H102: 0 | I102: 0 | L102: 2 | M102: 0 | N102: 0 | O102: 1 | P102: 0 | S102: 0 | V102: 0 | W102: 0 | Z102: 0 | AA102: 1 | AB102: 0 | AC102: 0 | AD102: 0 | AF102: =SUM(D102:AE102) -> 6
C103: 17-59 F | E103: 34 | F103: 43 | G103: 32 | H103: 32 | I103: 44 | L103: 41 | M103: 48 | N103: 44 | O103: 46 | P103: 56 | S103: 26 | V103: 47 | W103: 48 | Z103: 47 | AA103: 45 | AB103: 43 | AC103: 36 | AD103: 49 | AF103: =SUM(D103:AE103) -> 761
C104: 17-59 F (PCD) | E104: 0 | F104: 0 | G104: 0 | H104: 0 | I104: 0 | L104: 0 | M104: 0 | N104: 0 | O104: 0 | P104: 0 | S104: 0 | V104: 0 | W104: 0 | Z104: 0 | AA104: 0 | AB104: 0 | AC104: 0 | AD104: 0 | AF104: =SUM(D104:AE104) -> 0
...

Sheet 3
A1: ANO CALENDÁRIO | B1: MÊS | C1: Data | K1: Prato Cheio Capital
A2: 2026 | B2: MARÇO | C2: =DATE(A2,MATCH(B2,{"JANEIRO";"FEVEREIRO";"MARÇO";"ABRIL";"MAIO";"JUNHO";"JULHO";"AGOSTO";"SETEMBRO";"OUTUBRO";"NOVEMBRO";"DEZEMBRO"},0),1) -> 46082 | D2: =IF(ISERROR(DATE($A$2,$B$3,COLUMN()-3)),"",DAY(DATE($A$2,$B$3,COLUMN()-3))) -> 1 | E2: =IF(ISERROR(DATE($A$2,$B$3,COLUMN()-3)),"",DAY(DATE($A$2,$B$3,COLUMN()-3))) -> 2 | F2: =IF(ISERROR(DATE($A$2,$B$3,COLUMN()-3)),"",DAY(DATE($A$2,$B$3,COLUMN()-3))) -> 3 | G2: =IF(ISERROR(DATE($A$2,$B$3,COLUMN()-3)),"",DAY(DATE($A$2,$B$3,COLUMN()-3))) -> 4 | H2: =IF(ISERROR(DATE($A$2,$B$3,COLUMN()-3)),"",DAY(DATE($A$2,$B$3,COLUMN()-3))) -> 5 | I2: =IF(ISERROR(DATE($A$2,$B$3,COLUMN()-3)),"",DAY(DATE($A$2,$B$3,COLUMN()-3))) -> 6 | J2: =IF(ISERROR(DATE($A$2,$B$3,COLUMN()-3)),"",DAY(DATE($A$2,$B$3,COLUMN()-3))) -> 7 | K2: =IF(ISERROR(DATE($A$2,$B$3,COLUMN()-3)),"",DAY(DATE($A$2,$B$3,COLUMN()-3))) -> 8 | ... AH2: =IF(ISERROR(DATE($A$2,$B$3,COLUMN()-3)),"",DAY(DATE($A$2,$B$3,COLUMN()-3))) -> 31
B3: =MATCH(B2,{"JANEIRO";"FEVEREIRO";"MARÇO";"ABRIL";"MAIO";"JUNHO";"JULHO";"AGOSTO";"SETEMBRO";"OUTUBRO";"NOVEMBRO";"DEZEMBRO"},0) -> 3 | D3: =IF(D2="","",TEXT(DATE($A$2,$B$3,D2),"ddd")) -> dom | E3: =IF(E2="","",TEXT(DATE($A$2,$B$3,E2),"ddd")) -> seg | F3: =IF(F2="","",TEXT(DATE($A$2,$B$3,F2),"ddd")) -> ter | G3: =IF(G2="","",TEXT(DATE($A$2,$B$3,G2),"ddd")) -> qua | H3: =IF(H2="","",TEXT(DATE($A$2,$B$3,H2),"ddd")) -> qui | I3: =IF(I2="","",TEXT(DATE($A$2,$B$3,I2),"ddd")) -> sex | J3: =IF(J2="","",TEXT(DATE($A$2,$B$3,J2),"ddd")) -> sáb | K3: =IF(K2="","",TEXT(DATE($A$2,$B$3,K2),"ddd")) -> dom | ... AH3: =IF(AH2="","",TEXT(DATE($A$2,$B$3,AH2),"ddd")) -> ter | AJ3: observações:
A4: Restaurante CENTRO | B4: Novos cadastros | E4: 0 | F4: 6 | G4: 21 | H4: 5 | I4: 3 | L4: 12 | M4: 0 | N4: 1 | O4: 26 | P4: 5 | S4: 4 | T4: 2 | U4: 6 | V4: 11 | W4: 20 | Z4: 6 | AA4: 3 | AB4: 9 | AC4: 0 | AD4: 1 | AG4: 9 | AH4: 10 | AI4: =SUM(D4:AH4) -> 160
B5: Usuários por faixa etária | C5: 3-17 anos M | E5: 6 | F5: 4 | G5: 11 | H5: 5 | I5: 7 | L5: 4 | M5: 4 | N5: 3 | O5: 12 | P5: 3 | S5: 9 | T5: 5 | U5: 4 | V5: 0 | W5: 7 | Z5: 2 | AA5: 9 | AB5: 5 | AC5: 11 | AD5: 4 | AG5: 6 | AH5: 5 | AI5: =SUM(D5:AH5) -> 126
C6: 3-17 anos M (PCD) | E6: 0 | F6: 0 | G6: 0 | H6: 0 | I6: 0 | L6: 0 | M6: 0 | N6: 0 | O6: 0 | P6: 0 | S6: 0 | T6: 0 | U6: 0 | V6: 0 | W6: 0 | Z6: 0 | AA6: 0 | AB6: 0 | AC6: 0 | AD6: 0 | AG6: 0 | AH6: 0 | AI6: =SUM(D6:AH6) -> 0
C7: 03-17 anos F | E7: 1 | F7: 3 | G7: 10 | H7: 0 | I7: 8 | L7: 3 | M7: 6 | N7: 1 | O7: 3 | P7: 1 | S7: 6 | T7: 3 | U7: 4 | V7: 3 | W7: 2 | Z7: 2 | AA7: 2 | AB7: 1 | AC7: 1 | AD7: 1 | AG7: 3 | AH7: 2 | AI7: =SUM(D7:AH7) -> 66
C8: 03-17 anos F (PCD) | E8: 0 | F8: 0 | G8: 0 | H8: 0 | I8: 0 | L8: 0 | M8: 0 | N8: 0 | O8: 0 | P8: 0 | S8: 0 | T8: 0 | U8: 0 | V8: 0 | W8: 0 | Z8: 0 | AA8: 0 | AB8: 0 | AC8: 0 | AD8: 0 | AG8: 0 | AH8: 0 | AI8: =SUM(D8:AH8) -> 0
C9: 17-59 M | E9: 130 | F9: 146 | G9: 121 | H9: 111 | I9: 100 | L9: 138 | M9: 100 | N9: 119 | O9: 126 | P9: 153 | S9: 117 | T9: 118 | U9: 86 | V9: 138 | W9: 117 | Z9: 118 | AA9: 136 | AB9: 142 | AC9: 130 | AD9: 108 | AG9: 123 | AH9: 152 | AI9: =SUM(D9:AH9) -> 2729
C10: 17-59 M (PCD) | E10: 4 | F10: 1 | G10: 0 | H10: 4 | I10: 1 | L10: 2 | M10: 1 | N10: 1 | O10: 1 | P10: 4 | S10: 4 | T10: 2 | U10: 0 | V10: 3 | W10: 1 | Z10: 2 | AA10: 1 | AB10: 5 | AC10: 2 | AD10: 1 | AG10: 1 | AH10: 2 | AI10: =SUM(D10:AH10) -> 43
C11: 17-59 F | E11: 12 | F11: 18 | G11: 22 | H11: 10 | I11: 22 | L11: 35 | M11: 18 | N11: 13 | O11: 10 | P11: 22 | S11: 28 | T11: 19 | U11: 10 | V11: 17 | W11: 17 | Z11: 13 | AA11: 12 | AB11: 15 | AC11: 17 | AD11: 15 | AG11: 9 | AH11: 18 | AI11: =SUM(D11:AH11) -> 372
C12: 17-59 F (PCD) | E12: 0 | F12: 0 | G12: 0 | H12: 0 | I12: 0 | L12: 2 | M12: 0 | N12: 0 | O12: 0 | P12: 0 | S12: 0 | T12: 0 | U12: 0 | V12: 1 | W12: 1 | Z12: 0 | AA12: 0 | AB12: 0 | AC12: 0 | AD12: 0 | AG12: 1 | AH12: 0 | AI12: =SUM(D12:AH12) -> 5
C13: a partir de 60 anos M | E13: 135 | F13: 128 | G13: 128 | H13: 116 | I13: 135 | L13: 152 | M13: 126 | N13: 120 | O13: 123 | P13: 142 | S13: 131 | T13: 114 | U13: 88 | V13: 129 | W13: 122 | Z13: 117 | AA13: 130 | AB13: 142 | AC13: 116 | AD13: 114 | AG13: 115 | AH13: 155 | AI13: =SUM(D13:AH13) -> 2778
C14: a partir de 60 anos M (PCD) | E14: 6 | F14: 6 | G14: 6 | H14: 4 | I14: 6 | L14: 6 | M14: 5 | N14: 4 | O14: 7 | P14: 6 | S14: 7 | T14: 8 | U14: 8 | V14: 6 | W14: 5 | Z14: 8 | AA14: 8 | AB14: 9 | AC14: 10 | AD14: 5 | AG14: 5 | AH14: 5 | AI14: =SUM(D14:AH14) -> 140
C15: a partir de 60 anos F | E15: 11 | F15: 12 | G15: 8 | H15: 7 | I15: 13 | L15: 31 | M15: 15 | N15: 6 | O15: 10 | P15: 14 | S15: 10 | T15: 6 | U15: 6 | V15: 12 | W15: 6 | Z15: 5 | AA15: 7 | AB15: 12 | AC15: 10 | AD15: 5 | AG15: 10 | AH15: 5 | AI15: =SUM(D15:AH15) -> 221
C16: a partir de 60 anos F (PCD) | E16: 0 | F16: 0 | G16: 0 | H16: 0 | I16: 0 | L16: 0 | M16: 1 | N16: 0 | O16: 0 | P16: 0 | S16: 0 | T16: 1 | U16: 0 | V16: 0 | W16: 0 | Z16: 0 | AA16: 0 | AB16: 0 | AC16: 0 | AD16: 0 | AG16: 0 | AH16: 0 | AI16: =SUM(D16:AH16) -> 2
C17: Pessoas em situação de rua M | E17: 150 | F17: 110 | G17: 117 | H17: 103 | I17: 151 | L17: 95 | M17: 184 | N17: 81 | O17: 117 | P17: 100 | S17: 99 | T17: 72 | U17: 127 | V17: 82 | W17: 99 | Z17: 91 | AA17: 106 | AB17: 63 | AC17: 104 | AD17: 72 | AG17: 142 | AH17: 60 | AI17: =SUM(D17:AH17) -> 2325
... C19: sem cadastro (genéricas) | E19: 135 | F19: 166 | G19: 163 | H19: 215 | I19: 140 | L19: 126 | M19: 125 | N19: 224 | O19: 137 | P19: 150 | S19: 176 | T19: 247 | U19: 262 | V19: 121 | W19: 213 | Z19: 238 | AA19: 184 | AB19: 198 | AC19: 190 | AD19: 265 | AG19: 167 | AH19: 194 | AI19: =SUM(D19:AH19) -> 4036
B20: Usuários ATENDIDOS (ref. Vendidas) | E20: =SUM(E5:E19) -> 600 | F20: =SUM(F5:F19) -> 600 | G20: =SUM(G5:G19) -> 597 | H20: =SUM(H5:H19) -> 578 | I20: =SUM(I5:I19) -> 591 | L20: =SUM(L5:L19) -> 600 | M20: =SUM(M5:M19) -> 600 | N20: =SUM(N5:N19) -> 575 | O20: =SUM(O5:O19) -> 554 | P20: =SUM(P5:P19) -> 600 | S20: =SUM(S5:S19) -> 600 | T20: =SUM(T5:T19) -> 600 | U20: =SUM(U5:U19) -> 600 | V20: =SUM(V5:V19) -> 516 | W20: =SUM(W5:W19) -> 600 | Z20: =SUM(Z5:Z19) -> 600 | AA20: =SUM(AA5:AA19) -> 600 | AB20: =SUM(AB5:AB19) -> 600 | AC20: =SUM(AC5:AC19) -> 600 | AD20: =SUM(AD5:AD19) -> 600 | AG20: =SUM(AG5:AG19) -> 600 | AH20: =SUM(AH5:AH19) -> 600 | AI20: =SUM(D20:AH20) -> 13011
B21: Refeições Servidas | E21: 588 | F21: 585 | G21: 570 | H21: 568 | I21: 568 | L21: 595 | M21: 587 | N21: 547 | O21: 540 | P21: 578 | S21: 596 | T21: 578 | U21: 600 | V21: 490 | W21: 573 | Z21: 574 | AA21: 597 | AB21: 595 | AC21: 585 | AD21: 590 | AG21: 587 | AH21: 592 | AI21: =SUM(D21:AH21) -> 12683
B22: REFEIÇÕES OFERTADAS | E22: 600 | F22: 600 | G22: 600 | H22: 600 | I22: 600 | L22: 600 | M22: 600 | N22: 600 | O22: 600 | P22: 600 | S22: 600 | T22: 600 | U22: 600 | V22: 600 | W22: 600 | Z22: 600 | AA22: 600 | AB22: 600 | AC22: 600 | AD22: 600 | AG22: 600 | AH22: 600 | AI22: =SUM(D22:AH22) -> 13200
B23: SOBRA DE REFEIÇÕES | E23: =E22-E21 -> 12 | F23: =F22-F21 -> 15 | G23: =G22-G21 -> 30 | H23: =H22-H21 -> 32 | I23: =I22-I21 -> 32 | L23: =L22-L21 -> 5 | M23: =M22-M21 -> 13 | N23: =N22-N21 -> 53 | O23: =O22-O21 -> 60 | P23: =P22-P21 -> 22 | S23: =S22-S21 -> 4 | T23: =T22-T21 -> 22 | U23: =U22-U21 -> 0 | V23: =V22-V21 -> 110 | W23: =W22-W21 -> 27 | Z23: =Z22-Z21 -> 26 | AA23: =AA22-AA21 -> 3 | AB23: =AB22-AB21 -> 5 | AC23: =AC22-AC21 -> 15 | AD23: =AD22-AD21 -> 10 | AG23: =AG22-AG21 -> 13 | AH23: =AH22-AH21 -> 8 | AI23: =SUM(D23:AH23) -> 517
B24: SOBRA DE SENHAS (não vendidas) | E24: =E22-E20 -> 0 | F24: =F22-F20 -> 0 | G24: =G22-G20 -> 3 | H24: =H22-H20 -> 22 | I24: =I22-I20 -> 9 | L24: =L22-L20 -> 0 | M24: =M22-M20 -> 0 | N24: =N22-N20 -> 25 | O24: =O22-O20 -> 46 | P24: =P22-P20 -> 0 | S24: =S22-S20 -> 0 | T24: =T22-T20 -> 0 | U24: =U22-U20 -> 0 | V24: =V22-V20 -> 84 | W24: =W22-W20 -> 0 | Z24: =Z22-Z20 -> 0 | AA24: =AA22-AA20 -> 0 | AB24: =AB22-AB20 -> 0 | AC24: =AC22-AC20 -> 0 | AD24: =AD22-AD20 -> 0 | AG24: =AG22-AG20 -> 0 | AH24: =AH22-AH20 -> 0 | AI24: =SUM(D24:AH24) -> 189
B25: Atendimento à Pessoas com Deficiência | E25: =E6+E8+E10+E12+E14+E16 -> 10 | F25: =F6+F8+F10+F12+F14+F16 -> 7 | G25: =G6+G8+G10+G12+G14+G16 -> 6 | H25: =H6+H8+H10+H12+H14+H16 -> 8 | I25: =I6+I8+I10+I12+I14+I16 -> 7 | L25: =L6+L8+L10+L12+L14+L16 -> 10 | M25: =M6+M8+M10+M12+M14+M16 -> 7 | N25: =N6+N8+N10+N12+N14+N16 -> 5 | O25: =O6+O8+O10+O12+O14+O16 -> 8 | P25: =P6+P8+P10+P12+P14+P16 -> 10 | S25: =S6+S8+S10+S12+S14+S16 -> 11 | T25: =T6+T8+T10+T12+T14+T16 -> 11 | U25: =U6+U8+U10+U12+U14+U16 -> 8 | V25: =V6+V8+V10+V12+V14+V16 -> 10 | W25: =W6+W8+W10+W12+W14+W16 -> 7 | Z25: =Z6+Z8+Z10+Z12+Z14+Z16 -> 10 | AA25: =AA6+AA8+AA10+AA12+AA14+AA16 -> 9 | AB25: =AB6+AB8+AB10+AB12+AB14+AB16 -> 14 | AC25: =AC6+AC8+AC10+AC12+AC14+AC16 -> 12 | AD25: =AD6+AD8+AD10+AD12+AD14+AD16 -> 6 | AG25: =AG6+AG8+AG10+AG12+AG14+AG16 -> 7 | AH25: =AH6+AH8+AH10+AH12+AH14+AH16 -> 7 | AI25: =SUM(D25:AH25) -> 190
AJ26: observações:
A27: Restaurante COMPENSA | B27: Novos cadastros | E27: 1 | F27: 14 | G27: 0 | H27: 4 | I27: 0 | L27: 2 | M27: 3 | N27: 0 | O27: 2 | P27: 4 | S27: 3 | T27: 1 | U27: 5 | V27: 2 | W27: 0 | Z27: 1 | AA27: 5 | AB27: 0 | AC27: 0 | AD27: 11 | AG27: 5 | AH27: 11 | AI27: =SUM(D27:AH27) -> 74
B28: Usuários por faixa etária | C28: 3-17 anos M | E28: 1 | F28: 4 | G28: 3 | H28: 2 | I28: 3 | L28: 3 | M28: 5 | N28: 3 | O28: 0 | P28: 1 | S28: 0 | T28: 2 | U28: 1 | V28: 0 | W28: 7 | Z28: 0 | AA28: 0 | AB28: 3 | AC28: 1 | AD28: 1 | AG28: 0 | AH28: 1 | AI28: =SUM(D28:AH28) -> 41
C29: 3-17 anos M (PCD) | E29: 0 | F29: 0 | G29: 1 | H29: 0 | I29: 0 | L29: 0 | M29: 0 | N29: 1 | O29: 0 | P29: 1 | S29: 0 | T29: 3 | U29: 0 | V29: 0 | W29: 3 | Z29: 0 | AA29: 0 | AB29: 0 | AC29: 0 | AD29: 0 | AG29: 0 | AH29: 0 | AI29: =SUM(D29:AH29) -> 9
C30: 03-17 anos F | E30: 5 | F30: 6 | G30: 5 | H30: 6 | I30: 3 | L30: 5 | M30: 5 | N30: 4 | O30: 1 | P30: 2 | S30: 3 | T30: 4 | U30: 3 | V30: 0 | W30: 3 | Z30: 0 | AA30: 0 | AB30: 0 | AC30: 0 | AD30: 3 | AG30: 3 | AH30: 0 | AI30: =SUM(D30:AH30) -> 61
C31: 03-17 anos F (PCD) | E31: 0 | F31: 1 | G31: 0 | H31: 0 | I31: 0 | L31: 0 | M31: 0 | N31: 0 | O31: 0 | P31: 0 | S31: 0 | T31: 1 | U31: 0 | V31: 0 | W31: 2 | Z31: 0 | AA31: 0 | AB31: 0 | AC31: 0 | AD31: 0 | AG31: 0 | AH31: 0 | AI31: =SUM(D31:AH31) -> 4
C32: 17-59 M | E32: 89 | F32: 80 | G32: 102 | H32: 78 | I32: 85 | L32: 92 | M32: 98 | N32: 78 | O32: 83 | P32: 95 | S32: 76 | T32: 87 | U32: 80 | V32: 73 | W32: 70 | Z32: 101 | AA32: 101 | AB32: 85 | AC32: 82 | AD32: 86 | AG32: 97 | AH32: 97 | AI32: =SUM(D32:AH32) -> 1915
C33: 17-59 M (PCD) | E33: 6 | F33: 6 | G33: 7 | H33: 2 | I33: 4 | L33: 5 | M33: 4 | N33: 6 | O33: 1 | P33: 6 | S33: 6 | T33: 9 | U33: 7 | V33: 7 | W33: 3 | Z33: 3 | AA33: 6 | AB33: 3 | AC33: 4 | AD33: 8 | AG33: 5 | AH33: 6 | AI33: =SUM(D33:AH33) -> 114
C34: 17-59 F | E34: 30 | F34: 29 | G34: 23 | H34: 41 | I34: 45 | L34: 42 | M34: 34 | N34: 58 | O34: 40 | P34: 42 | S34: 69 | T34: 43 | U34: 49 | V34: 38 | W34: 46 | Z34: 39 | AA34: 42 | AB34: 57 | AC34: 38 | AD34: 57 | AG34: 41 | AH34: 47 | AI34: =SUM(D34:AH34) -> 950
C35: 17-59 F (PCD) | E35: 4 | F35: 1 | G35: 3 | H35: 3 | I35: 3 | L35: 5 | M35: 2 | N35: 5 | O35: 3 | P35: 3 | S35: 6 | T35: 5 | U35: 4 | V35: 4 | W35: 4 | Z35: 3 | AA35: 3 | AB35: 5 | AC35: 5 | AD35: 5 | AG35: 3 | AH35: 4 | AI35: =SUM(D35:AH35) -> 83
C36: a partir de 60 anos M | E36: 68 | F36: 72 | G36: 65 | H36: 74 | I36: 77 | L36: 66 | M36: 67 | N36: 63 | O36: 77 | P36: 70 | S36: 55 | T36: 68 | U36: 63 | V36: 65 | W36: 75 | Z36: 75 | AA36: 59 | AB36: 55 | AC36: 54 | AD36: 66 | AG36: 66 | AH36: 63 | AI36: =SUM(D36:AH36) -> 1463
C37: a partir de 60 anos M (PCD) | E37: 6 | F37: 7 | G37: 7 | H37: 2 | I37: 4 | L37: 5 | M37: 4 | N37: 6 | O37: 2 | P37: 3 | S37: 6 | T37: 4 | U37: 7 | V37: 3 | W37: 4 | Z37: 2 | AA37: 5 | AB37: 4 | AC37: 7 | AD37: 5 | AG37: 3 | AH37: 2 | AI37: =SUM(D37:AH37) -> 98
C38: a partir de 60 anos F | E38: 14 | F38: 23 | G38: 17 | H38: 27 | I38: 14 | L38: 28 | M38: 23 | N38: 29 | O38: 19 | P38: 18 | S38: 29 | T38: 21 | U38: 25 | V38: 20 | W38: 25 | Z38: 26 | AA38: 23 | AB38: 27 | AC38: 27 | AD38: 24 | AG38: 24 | AH38: 20 | AI38: =SUM(D38:AH38) -> 503
C39: a partir de 60 anos F (PCD) | E39: 1 | F39: 2 | G39: 3 | H39: 1 | I39: 2 | L39: 2 | M39: 1 | N39: 3 | O39: 2 | P39: 2 | S39: 2 | T39: 2 | U39: 1 | V39: 2 | W39: 0 | Z39: 2 | AA39: 2 | AB39: 3 | AC39: 2 | AD39: 3 | AG39: 2 | AH39: 2 | AI39: =SUM(D39:AH39) -> 42
C40: Pessoas em situação de rua M | E40: 19 | F40: 11 | G40: 17 | H40: 13 | I40: 16 | L40: 11 | M40: 16 | N40: 6 | O40: 33 | P40: 21 | S40: 10 | T40: 10 | U40: 18 | V40: 20 | W40: 17 | Z40: 15 | AA40: 22 | AB40: 19 | AC40: 42 | AD40: 3 | AG40: 21 | AH40: 22 | AI40: =SUM(D40:AH40) -> 382
... C42: sem cadastro (genéricas) | E42: 27 | F42: 26 | G42: 13 | H42: 21 | I42: 14 | L42: 6 | M42: 7 | N42: 7 | O42: 7 | P42: 6 | S42: 8 | T42: 10 | U42: 12 | V42: 7 | W42: 7 | Z42: 3 | AA42: 6 | AB42: 7 | AC42: 4 | AD42: 9 | AG42: 4 | AH42: 5 | AI42: =SUM(D42:AH42) -> 216
B43: Usuários ATENDIDOS (ref. Vendidas) | E43: =SUM(E28:E42) -> 270 | F43: =SUM(F28:F42) -> 270 | G43: =SUM(G28:G42) -> 270 | H43: =SUM(H28:H42) -> 270 | I43: =SUM(I28:I42) -> 270 | L43: =SUM(L28:L42) -> 270 | M43: =SUM(M28:M42) -> 270 | N43: =SUM(N28:N42) -> 270 | O43: =SUM(O28:O42) -> 270 | P43: =SUM(P28:P42) -> 270 | S43: =SUM(S28:S42) -> 270 | T43: =SUM(T28:T42) -> 270 | U43: =SUM(U28:U42) -> 270 | V43: =SUM(V28:V42) -> 240 | W43: =SUM(W28:W42) -> 270 | Z43: =SUM(Z28:Z42) -> 270 | AA43: =SUM(AA28:AA42) -> 270 | AB43: =SUM(AB28:AB42) -> 270 | AC43: =SUM(AC28:AC42) -> 270 | AD43: =SUM(AD28:AD42) -> 270 | AG43: =SUM(AG28:AG42) -> 270 | AH43: =SUM(AH28:AH42) -> 270 | AI43: =SUM(D43:AH43) -> 5910
B44: Refeições Servidas | E44: 260 | F44: 270 | G44: 270 | H44: 270 | I44: 270 | L44: 270 | M44: 270 | N44: 270 | O44: 270 | P44: 270 | S44: 270 | T44: 270 | U44: 270 | V44: 240 | W44: 270 | Z44: 255 | AA44: 270 | AB44: 270 | AC44: 270 | AD44: 270 | AG44: 260 | AH44: 270 | AI44: =SUM(D44:AH44) -> 5875
B45: REFEIÇÕES OFERTADAS | E45: 270 | F45: 270 | G45: 270 | H45: 270 | I45: 270 | L45: 270 | M45: 270 | N45: 270 | O45: 270 | P45: 270 | S45: 270 | T45: 270 | U45: 270 | V45: 270 | W45: 270 | Z45: 270 | AA45: 270 | AB45: 270 | AC45: 270 | AD45: 270 | AG45: 270 | AH45: 270 | AI45: =SUM(D45:AH45) -> 5940
B46: SOBRA DE REFEIÇÕES | E46: =E45-E44 -> 10 | F46: =F45-F44 -> 0 | G46: =G45-G44 -> 0 | H46: =H45-H44 -> 0 | I46: =I45-I44 -> 0 | L46: =L45-L44 -> 0 | M46: =M45-M44 -> 0 | N46: =N45-N44 -> 0 | O46: =O45-O44 -> 0 | P46: =P45-P44 -> 0 | S46: =S45-S44 -> 0 | T46: =T45-T44 -> 0 | U46: =U45-U44 -> 0 | V46: =V45-V44 -> 30 | W46: =W45-W44 -> 0 | Z46: =Z45-Z44 -> 15 | AA46: =AA45-AA44 -> 0 | AB46: =AB45-AB44 -> 0 | AC46: =AC45-AC44 -> 0 | AD46: =AD45-AD44 -> 0 | AG46: =AG45-AG44 -> 10 | AH46: =AH45-AH44 -> 0 | AI46: =SUM(D46:AH46) -> 65
B47: SOBRA DE SENHAS (não vendidas) | E47: =E45-E43 -> 0 | F47: =F45-F43 -> 0 | G47: =G45-G43 -> 0 | H47: =H45-H43 -> 0 | I47: =I45-I43 -> 0 | L47: =L45-L43 -> 0 | M47: =M45-M43 -> 0 | N47: =N45-N43 -> 0 | O47: =O45-O43 -> 0 | P47: =P45-P43 -> 0 | S47: =S45-S43 -> 0 | T47: =T45-T43 -> 0 | U47: =U45-U43 -> 0 | V47: =V45-V43 -> 30 | W47: =W45-W43 -> 0 | Z47: =Z45-Z43 -> 0 | AA47: =AA45-AA43 -> 0 | AB47: =AB45-AB43 -> 0 | AC47: =AC45-AC43 -> 0 | AD47: =AD45-AD43 -> 0 | AG47: =AG45-AG43 -> 0 | AH47: =AH45-AH43 -> 0 | AI47: =SUM(D47:AH47) -> 30
B48: Atendimento à Pessoas com Deficiência | E48: =E29+E31+E33+E35+E37+E39 -> 17 | F48: =F29+F31+F33+F35+F37+F39 -> 17 | G48: =G29+G31+G33+G35+G37+G39 -> 21 | H48: =H29+H31+H33+H35+H37+H39 -> 8 | I48: =I29+I31+I33+I35+I37+I39 -> 13 | L48: =L29+L31+L33+L35+L37+L39 -> 17 | M48: =M29+M31+M33+M35+M37+M39 -> 11 | N48: =N29+N31+N33+N35+N37+N39 -> 21 | O48: =O29+O31+O33+O35+O37+O39 -> 8 | P48: =P29+P31+P33+P35+P37+P39 -> 15 | S48: =S29+S31+S33+S35+S37+S39 -> 20 | T48: =T29+T31+T33+T35+T37+T39 -> 24 | U48: =U29+U31+U33+U35+U37+U39 -> 19 | V48: =V29+V31+V33+V35+V37+V39 -> 16 | W48: =W29+W31+W33+W35+W37+W39 -> 16 | Z48: =Z29+Z31+Z33+Z35+Z37+Z39 -> 10 | AA48: =AA29+AA31+AA33+AA35+AA37+AA39 -> 16 | AB48: =AB29+AB31+AB33+AB35+AB37+AB39 -> 15 | AC48: =AC29+AC31+AC33+AC35+AC37+AC39 -> 18 | AD48: =AD29+AD31+AD33+AD35+AD37+AD39 -> 21 | AG48: =AG29+AG31+AG33+AG35+AG37+AG39 -> 13 | AH48: =AH29+AH31+AH33+AH35+AH37+AH39 -> 14 | AI48: =SUM(D48:AH48) -> 350
AJ49: observações:
A50: Restaurante JORGE TEIXEIRA | B50: Novos cadastros | E50: 2 | F50: 9 | G50: 2 | H50: 2 | I50: 2 | L50: 2 | M50: 2 | N50: 0 | O50: 0 | P50: 3 | S50: 0 | T50: 4 | U50: 4 | V50: 6 | W50: 3 | Z50: 1 | AA50: 2 | AB50: 6 | AC50: 15 | AD50: 9 | AG50: 8 | AH50: 0 | AI50: =SUM(D50:AH50) -> 82
B51: Usuários por faixa etária | C51: 3-17 anos M | E51: 13 | F51: 9 | G51: 16 | H51: 10 | I51: 26 | L51: 16 | M51: 9 | N51: 6 | O51: 3 | P51: 11 | S51: 10 | T51: 7 | U51: 19 | V51: 10 | W51: 11 | Z51: 15 | AA51: 14 | AB51: 16 | AC51: 11 | AD51: 12 | AG51: 7 | AH51: 14 | AI51: =SUM(D51:AH51) -> 265
C52: 3-17 anos M (PCD) | E52: 0 | F52: 0 | G52: 0 | H52: 0 | I52: 0 | L52: 0 | M52: 0 | N52: 0 | O52: 0 | P52: 0 | S52: 0 | T52: 0 | U52: 0 | V52: 0 | W52: 0 | Z52: 0 | AA52: 0 | AB52: 0 | AC52: 0 | AD52: 0 | AG52: 0 | AH52: 0 | AI52: =SUM(D52:AH52) -> 0
C53: 03-17 anos F | E53: 13 | F53: 8 | G53: 21 | H53: 9 | I53: 25 | L53: 20 | M53: 19 | N53: 16 | O53: 10 | P53: 17 | S53: 22 | T53: 13 | U53: 24 | V53: 13 | W53: 18 | Z53: 10 | AA53: 16 | AB53: 22 | AC53: 10 | AD53: 13 | AG53: 9 | AH53: 15 | AI53: =SUM(D53:AH53) -> 343
C54: 03-17 anos F (PCD) | E54: 0 | F54: 0 | G54: 0 | H54: 0 | I54: 0 | L54: 0 | M54: 0 | N54: 0 | O54: 0 | P54: 0 | S54: 0 | T54: 0 | U54: 0 | V54: 0 | W54: 0 | Z54: 0 | AA54: 0 | AB54: 0 | AC54: 0 | AD54: 0 | AG54: 0 | AH54: 0 | AI54: =SUM(D54:AH54) -> 0
C55: 17-59 M | E55: 102 | F55: 78 | G55: 90 | H55: 75 | I55: 104 | L55: 90 | M55: 95 | N55: 67 | O55: 51 | P55: 94 | S55: 76 | T55: 83 | U55: 83 | V55: 55 | W55: 98 | Z55: 81 | AA55: 77 | AB55: 86 | AC55: 69 | AD55: 78 | AG55: 75 | AH55: 84 | AI55: =SUM(D55:AH55) -> 1791
C56: 17-59 M (PCD) | E56: 1 | F56: 1 | G56: 0 | H56: 0 | I56: 1 | L56: 1 | M56: 1 | N56: 1 | O56: 1 | P56: 0 | S56: 1 | T56: 0 | U56: 0 | V56: 1 | W56: 0 | Z56: 0 | AA56: 0 | AB56: 0 | AC56: 0 | AD56: 0 | AG56: 0 | AH56: 0 | AI56: =SUM(D56:AH56) -> 9
C57: 17-59 F | E57: 32 | F57: 19 | G57: 42 | H57: 17 | I57: 39 | L57: 35 | M57: 37 | N57: 20 | O57: 23 | P57: 28 | S57: 29 | T57: 22 | U57: 38 | V57: 20 | W57: 26 | Z57: 28 | AA57: 31 | AB57: 36 | AC57: 24 | AD57: 37 | AG57: 32 | AH57: 33 | AI57: =SUM(D57:AH57) -> 648
C58: 17-59 F (PCD) | E58: 1 | F58: 1 | G58: 0 | H58: 1 | I58: 0 | L58: 1 | M58: 1 | N58: 0 | O58: 0 | P58: 0 | S58: 0 | T58: 0 | U58: 0 | V58: 0 | W58: 0 | Z58: 0 | AA58: 0 | AB58: 0 | AC58: 0 | AD58: 0 | AG58: 0 | AH58: 0 | AI58: =SUM(D58:AH58) -> 5
C59: a partir de 60 anos M | E59: 98 | F59: 78 | G59: 95 | H59: 74 | I59: 81 | L59: 85 | M59: 88 | N59: 74 | O59: 49 | P59: 83 | S59: 62 | T59: 86 | U59: 88 | V59: 54 | W59: 82 | Z59: 80 | AA59: 73 | AB59: 74 | AC59: 70 | AD59: 81 | AG59: 78 | AH59: 75 | AI59: =SUM(D59:AH59) -> 1708
C60: a partir de 60 anos M (PCD) | E60: 1 | F60: 1 | G60: 1 | H60: 0 | I60: 1 | L60: 1 | M60: 1 | N60: 0 | O60: 0 | P60: 1 | S60: 1 | T60: 0 | U60: 0 | V60: 0 | W60: 1 | Z60: 0 | AA60: 1 | AB60: 1 | AC60: 0 | AD60: 1 | AG60: 1 | AH60: 1 | AI60: =SUM(D60:AH60) -> 14
C61: a partir de 60 anos F | E61: 21 | F61: 20 | G61: 17 | H61: 12 | I61: 15 | L61: 17 | M61: 20 | N61: 13 | O61: 7 | P61: 22 | S61: 19 | T61: 21 | U61: 20 | V61: 7 | W61: 25 | Z61: 15 | AA61: 11 | AB61: 19 | AC61: 11 | AD61: 17 | AG61: 16 | AH61: 22 | AI61: =SUM(D61:AH61) -> 367
C62: a partir de 60 anos F (PCD) | E62: 0 | F62: 0 | G62: 0 | H62: 0 | I62: 0 | L62: 0 | M62: 0 | N62: 0 | O62: 0 | P62: 0 | S62: 0 | T62: 0 | U62: 0 | V62: 0 | W62: 0 | Z62: 0 | AA62: 0 | AB62: 0 | AC62: 0 | AD62: 0 | AG62: 0 | AH62: 0 | AI62: =SUM(D62:AH62) -> 0
C63: Pessoas em situação de rua M | E63: 33 | F63: 29 | G63: 24 | H63: 43 | I63: 38 | L63: 38 | M63: 42 | N63: 24 | O63: 11 | P63: 34 | S63: 17 | T63: 30 | U63: 34 | V63: 16 | W63: 27 | Z63: 28 | AA63: 21 | AB63: 23 | AC63: 19 | AD63: 13 | AG63: 24 | AH63: 27 | AI63: =SUM(D63:AH63) -> 595
... C65: sem cadastro (genéricas) | E65: 120 | F65: 96 | G65: 185 | H65: 106 | I65: 106 | L65: 103 | M65: 105 | N65: 135 | O65: 177 | P65: 109 | S65: 201 | T65: 106 | U65: 145 | V65: 66 | W65: 160 | Z65: 137 | AA65: 183 | AB65: 202 | AC65: 139 | AD65: 196 | AG65: 125 | AH65: 151 | AI65: =SUM(D65:AH65) -> 3053
B66: Usuários ATENDIDOS (ref. Vendidas) | E66: =SUM(E51:E65) -> 439 | F66: =SUM(F51:F65) -> 342 | G66: =SUM(G51:G65) -> 492 | H66: =SUM(H51:H65) -> 353 | I66: =SUM(I51:I65) -> 442 | L66: =SUM(L51:L65) -> 409 | M66: =SUM(M51:M65) -> 422 | N66: =SUM(N51:N65) -> 357 | O66: =SUM(O51:O65) -> 335 | P66: =SUM(P51:P65) -> 403 | S66: =SUM(S51:S65) -> 440 | T66: =SUM(T51:T65) -> 370 | U66: =SUM(U51:U65) -> 453 | V66: =SUM(V51:V65) -> 245 | W66: =SUM(W51:W65) -> 451 | Z66: =SUM(Z51:Z65) -> 397 | AA66: =SUM(AA51:AA65) -> 429 | AB66: =SUM(AB51:AB65) -> 482 | AC66: =SUM(AC51:AC65) -> 354 | AD66: =SUM(AD51:AD65) -> 451 | AG66: =SUM(AG51:AG65) -> 370 | AH66: =SUM(AH51:AH65) -> 424 | AI66: =SUM(D66:AH66) -> 8860
B67: Refeições Servidas | E67: 432 | F67: 337 | G67: 481 | H67: 307 | I67: 430 | L67: 390 | M67: 404 | N67: 350 | O67: 330 | P67: 390 | S67: 430 | T67: 369 | U67: 437 | V67: 239 | W67: 451 | Z67: 394 | AA67: 412 | AB67: 267 | AC67: 354 | AD67: 445 | AG67: 363 | AH67: 410 | AI67: =SUM(D67:AH67) -> 8422
B68: REFEIÇÕES OFERTADAS | E68: 500 | F68: 500 | G68: 500 | H68: 500 | I68: 500 | L68: 500 | M68: 500 | N68: 500 | O68: 500 | P68: 500 | S68: 500 | T68: 500 | U68: 500 | V68: 500 | W68: 500 | Z68: 500 | AA68: 500 | AB68: 500 | AC68: 500 | AD68: 500 | AG68: 500 | AH68: 500 | AI68: =SUM(D68:AH68) -> 11000
B69: SOBRA DE REFEIÇÕES | E69: =E68-E67 -> 68 | F69: =F68-F67 -> 163 | G69: =G68-G67 -> 19 | H69: =H68-H67 -> 193 | I69: =I68-I67 -> 70 | L69: =L68-L67 -> 110 | M69: =M68-M67 -> 96 | N69: =N68-N67 -> 150 | O69: =O68-O67 -> 170 | P69: =P68-P67 -> 110 | S69: =S68-S67 -> 70 | T69: =T68-T67 -> 131 | U69: =U68-U67 -> 63 | V69: =V68-V67 -> 261 | W69: =W68-W67 -> 49 | Z69: =Z68-Z67 -> 106 | AA69: =AA68-AA67 -> 88 | AB69: =AB68-AB67 -> 233 | AC69: =AC68-AC67 -> 146 | AD69: =AD68-AD67 -> 55 | AG69: =AG68-AG67 -> 137 | AH69: =AH68-AH67 -> 90 | AI69: =SUM(D69:AH69) -> 2578
B70: SOBRA DE SENHAS (não vendidas) | E70: =E68-E66 -> 61 | F70: =F68-F66 -> 158 | G70: =G68-G66 -> 8 | H70: =H68-H66 -> 147 | I70: =I68-I66 -> 58 | L70: =L68-L66 -> 91 | M70: =M68-M66 -> 78 | N70: =N68-N66 -> 143 | O70: =O68-O66 -> 165 | P70: =P68-P66 -> 97 | S70: =S68-S66 -> 60 | T70: =T68-T66 -> 130 | U70: =U68-U66 -> 47 | V70: =V68-V66 -> 255 | W70: =W68-W66 -> 49 | Z70: =Z68-Z66 -> 103 | AA70: =AA68-AA66 -> 71 | AB70: =AB68-AB66 -> 18 | AC70: =AC68-AC66 -> 146 | AD70: =AD68-AD66 -> 49 | AG70: =AG68-AG66 -> 130 | AH70: =AH68-AH66 -> 76 | AI70: =SUM(D70:AH70) -> 2140
B71: Atendimento à Pessoas com Deficiência | E71: =E52+E54+E56+E58+E60+E62 -> 3 | F71: =F52+F54+F56+F58+F60+F62 -> 3 | G71: =G52+G54+G56+G58+G60+G62 -> 1 | H71: =H52+H54+H56+H58+H60+H62 -> 1 | I71: =I52+I54+I56+I58+I60+I62 -> 2 | L71: =L52+L54+L56+L58+L60+L62 -> 3 | M71: =M52+M54+M56+M58+M60+M62 -> 3 | N71: =N52+N54+N56+N58+N60+N62 -> 1 | O71: =O52+O54+O56+O58+O60+O62 -> 1 | P71: =P52+P54+P56+P58+P60+P62 -> 1 | S71: =S52+S54+S56+S58+S60+S62 -> 2 | T71: =T52+T54+T56+T58+T60+T62 -> 0 | U71: =U52+U54+U56+U58+U60+U62 -> 0 | V71: =V52+V54+V56+V58+V60+V62 -> 1 | W71: =W52+W54+W56+W58+W60+W62 -> 1 | Z71: =Z52+Z54+Z56+Z58+Z60+Z62 -> 0 | AA71: =AA52+AA54+AA56+AA58+AA60+AA62 -> 1 | AB71: =AB52+AB54+AB56+AB58+AB60+AB62 -> 1 | AC71: =AC52+AC54+AC56+AC58+AC60+AC62 -> 0 | AD71: =AD52+AD54+AD56+AD58+AD60+AD62 -> 1 | AG71: =AG52+AG54+AG56+AG58+AG60+AG62 -> 1 | AH71: =AH52+AH54+AH56+AH58+AH60+AH62 -> 1 | AI71: =SUM(D71:AH71) -> 28
AJ72: observações:
A73: Restaurante NOVO ISRAEL | B73: Novos cadastros | E73: 7 | F73: 13 | G73: 14 | H73: 4 | I73: 2 | L73: 0 | M73: 5 | N73: 2 | O73: 2 | P73: 3 | S73: 1 | T73: 6 | U73: 0 | V73: 0 | W73: 7 | Z73: 21 | AA73: 21 | AB73: 16 | AC73: 3 | AD73: 15 | AG73: 25 | AH73: 20 | AI73: =SUM(D73:AH73) -> 187
B74: Usuários por faixa etária | C74: 3-17 anos M | E74: 31 | F74: 16 | G74: 39 | H74: 39 | I74: 48 | L74: 39 | M74: 40 | N74: 50 | O74: 51 | P74: 53 | S74: 43 | T74: 44 | U74: 38 | V74: 28 | W74: 23 | Z74: 24 | AA74: 25 | AB74: 29 | AC74: 8 | AD74: 20 | AG74: 34 | AH74: 22 | AI74: =SUM(D74:AH74) -> 744
C75: 3-17 anos M (PCD) | E75: 4 | F75: 3 | G75: 0 | H75: 0 | I75: 0 | L75: 2 | M75: 0 | N75: 0 | O75: 0 | P75: 0 | S75: 4 | T75: 0 | U75: 4 | V75: 4 | W75: 0 | Z75: 2 | AA75: 0 | AB75: 0 | AC75: 4 | AD75: 3 | AG75: 4 | AH75: 3 | AI75: =SUM(D75:AH75) -> 37
C76: 03-17 anos F | E76: 15 | F76: 12 | G76: 31 | H76: 31 | I76: 29 | L76: 32 | M76: 26 | N76: 38 | O76: 33 | P76: 37 | S76: 40 | T76: 38 | U76: 32 | V76: 16 | W76: 24 | Z76: 13 | AA76: 20 | AB76: 35 | AC76: 13 | AD76: 15 | AG76: 19 | AH76: 17 | AI76: =SUM(D76:AH76) -> 566
C77: 03-17 anos F (PCD) | E77: 0 | F77: 0 | G77: 1 | H77: 1 | I77: 1 | L77: 0 | M77: 1 | N77: 0 | O77: 1 | P77: 0 | S77: 0 | T77: 0 | U77: 0 | V77: 0 | W77: 0 | Z77: 0 | AA77: 1 | AB77: 1 | AC77: 0 | AD77: 1 | AG77: 0 | AH77: 1 | AI77: =SUM(D77:AH77) -> 9
C78: 17-59 M | E78: 62 | F78: 72 | G78: 78 | H78: 104 | I78: 89 | L78: 110 | M78: 102 | N78: 77 | O78: 96 | P78: 90 | S78: 106 | T78: 89 | U78: 113 | V78: 73 | W78: 69 | Z78: 88 | AA78: 69 | AB78: 70 | AC78: 70 | AD78: 75 | AG78: 64 | AH78: 73 | AI78: =SUM(D78:AH78) -> 1839
C79: 17-59 M (PCD) | E79: 4 | F79: 2 | G79: 3 | H79: 4 | I79: 3 | L79: 3 | M79: 3 | N79: 0 | O79: 2 | P79: 0 | S79: 5 | T79: 0 | U79: 7 | V79: 3 | W79: 3 | Z79: 3 | AA79: 4 | AB79: 2 | AC79: 3 | AD79: 4 | AG79: 3 | AH79: 4 | AI79: =SUM(D79:AH79) -> 65
C80: 17-59 F | E80: 57 | F80: 31 | G80: 55 | H80: 67 | I80: 75 | L80: 63 | M80: 105 | N80: 82 | O80: 72 | P80: 65 | S80: 84 | T80: 64 | U80: 82 | V80: 51 | W80: 28 | Z80: 43 | AA80: 35 | AB80: 36 | AC80: 26 | AD80: 29 | AG80: 46 | AH80: 32 | AI80: =SUM(D80:AH80) -> 1228
C81: 17-59 F (PCD) | E81: 2 | F81: 0 | G81: 3 | H81: 0 | I81: 2 | L81: 1 | M81: 1 | N81: 1 | O81: 2 | P81: 1 | S81: 1 | T81: 0 | U81: 1 | V81: 1 | W81: 0 | Z81: 1 | AA81: 0 | AB81: 1 | AC81: 1 | AD81: 1 | AG81: 0 | AH81: 0 | AI81: =SUM(D81:AH81) -> 20
C82: a partir de 60 anos M | E82: 71 | F82: 85 | G82: 95 | H82: 85 | I82: 65 | L82: 87 | M82: 62 | N82: 63 | O82: 79 | P82: 81 | S82: 73 | T82: 72 | U82: 84 | V82: 33 | W82: 70 | Z82: 69 | AA82: 50 | AB82: 60 | AC82: 70 | AD82: 63 | AG82: 64 | AH82: 72 | AI82: =SUM(D82:AH82) -> 1553
C83: a partir de 60 anos M (PCD) | E83: 2 | F83: 6 | G83: 6 | H83: 2 | I83: 0 | L83: 2 | M83: 1 | N83: 0 | O83: 2 | P83: 2 | S83: 1 | T83: 2 | U83: 3 | V83: 0 | W83: 1 | Z83: 4 | AA83: 2 | AB83: 2 | AC83: 3 | AD83: 2 | AG83: 3 | AH83: 2 | AI83: =SUM(D83:AH83) -> 48
C84: a partir de 60 anos F | E84: 22 | F84: 23 | G84: 33 | H84: 32 | I84: 22 | L84: 23 | M84: 36 | N84: 23 | O84: 30 | P84: 26 | S84: 22 | T84: 28 | U84: 32 | V84: 13 | W84: 23 | Z84: 23 | AA84: 28 | AB84: 20 | AC84: 22 | AD84: 22 | AG84: 22 | AH84: 24 | AI84: =SUM(D84:AH84) -> 549
C85: a partir de 60 anos F (PCD) | E85: 0 | F85: 0 | G85: 0 | H85: 0 | I85: 0 | L85: 0 | M85: 0 | N85: 0 | O85: 0 | P85: 0 | S85: 0 | T85: 0 | U85: 0 | V85: 0 | W85: 1 | Z85: 0 | AA85: 1 | AB85: 0 | AC85: 1 | AD85: 1 | AG85: 0 | AH85: 1 | AI85: =SUM(D85:AH85) -> 5
C86: Pessoas em situação de rua M | E86: 6 | F86: 9 | G86: 1 | H86: 3 | I86: 11 | L86: 2 | M86: 4 | N86: 4 | O86: 12 | P86: 8 | S86: 6 | T86: 11 | U86: 7 | V86: 7 | W86: 1 | Z86: 5 | AA86: 4 | AB86: 3 | AC86: 4 | AD86: 3 | AG86: 1 | AH86: 4 | AI86: =SUM(D86:AH86) -> 116
... C88: sem cadastro (genéricas) | E88: 101 | F88: 111 | G88: 55 | H88: 44 | I88: 39 | L88: 35 | M88: 38 | N88: 49 | O88: 31 | P88: 87 | S88: 65 | T88: 36 | U88: 41 | V88: 44 | W88: 171 | Z88: 137 | AA88: 191 | AB88: 185 | AC88: 147 | AD88: 163 | AG88: 87 | AH88: 174 | AI88: =SUM(D88:AH88) -> 2031
B89: Usuários ATENDIDOS (ref. Vendidas) | E89: =SUM(E74:E88) -> 377 | F89: =SUM(F74:F88) -> 370 | G89: =SUM(G74:G88) -> 400 | H89: =SUM(H74:H88) -> 412 | I89: =SUM(I74:I88) -> 384 | L89: =SUM(L74:L88) -> 399 | M89: =SUM(M74:M88) -> 419 | N89: =SUM(N74:N88) -> 387 | O89: =SUM(O74:O88) -> 411 | P89: =SUM(P74:P88) -> 450 | S89: =SUM(S74:S88) -> 450 | T89: =SUM(T74:T88) -> 384 | U89: =SUM(U74:U88) -> 444 | V89: =SUM(V74:V88) -> 273 | W89: =SUM(W74:W88) -> 414 | Z89: =SUM(Z74:Z88) -> 412 | AA89: =SUM(AA74:AA88) -> 430 | AB89: =SUM(AB74:AB88) -> 444 | AC89: =SUM(AC74:AC88) -> 372 | AD89: =SUM(AD74:AD88) -> 403 | AG89: =SUM(AG74:AG88) -> 347 | AH89: =SUM(AH74:AH88) -> 429 | AI89: =SUM(D89:AH89) -> 8811
B90: Refeições Servidas | E90: 355 | F90: 328 | G90: 400 | H90: 405 | I90: 369 | L90: 391 | M90: 403 | N90: 377 | O90: 377 | P90: 432 | S90: 436 | T90: 364 | U90: 437 | V90: 266 | W90: 407 | Z90: 402 | AA90: 418 | AB90: 429 | AC90: 368 | AD90: 398 | AG90: 334 | AH90: 418 | AI90: =SUM(D90:AH90) -> 8514
B91: REFEIÇÕES OFERTADAS | E91: 450 | F91: 450 | G91: 450 | H91: 450 | I91: 450 | L91: 450 | M91: 450 | N91: 450 | O91: 450 | P91: 450 | S91: 450 | T91: 450 | U91: 450 | V91: 450 | W91: 450 | Z91: 450 | AA91: 450 | AB91: 450 | AC91: 450 | AD91: 450 | AG91: 450 | AH91: 450 | AI91: =SUM(D91:AH91) -> 9900
B92: SOBRA DE REFEIÇÕES | E92: =E91-E90 -> 95 | F92: =F91-F90 -> 122 | G92: =G91-G90 -> 50 | H92: =H91-H90 -> 45 | I92: =I91-I90 -> 81 | L92: =L91-L90 -> 59 | M92: =M91-M90 -> 47 | N92: =N91-N90 -> 73 | O92: =O91-O90 -> 73 | P92: =P91-P90 -> 18 | S92: =S91-S90 -> 14 | T92: =T91-T90 -> 86 | U92: =U91-U90 -> 13 | V92: =V91-V90 -> 184 | W92: =W91-W90 -> 43 | Z92: =Z91-Z90 -> 48 | AA92: =AA91-AA90 -> 32 | AB92: =AB91-AB90 -> 21 | AC92: =AC91-AC90 -> 82 | AD92: =AD91-AD90 -> 52 | AG92: =AG91-AG90 -> 116 | AH92: =AH91-AH90 -> 32 | AI92: =SUM(D92:AH92) -> 1386
B93: SOBRA DE SENHAS (não vendidas) | E93: =E91-E89 -> 73 | F93: =F91-F89 -> 80 | G93: =G91-G89 -> 50 | H93: =H91-H89 -> 38 | I93: =I91-I89 -> 66 | L93: =L91-L89 -> 51 | M93: =M91-M89 -> 31 | N93: =N91-N89 -> 63 | O93: =O91-O89 -> 39 | P93: =P91-P89 -> 0 | S93: =S91-S89 -> 0 | T93: =T91-T89 -> 66 | U93: =U91-U89 -> 6 | V93: =V91-V89 -> 177 | W93: =W91-W89 -> 36 | Z93: =Z91-Z89 -> 38 | AA93: =AA91-AA89 -> 20 | AB93: =AB91-AB89 -> 6 | AC93: =AC91-AC89 -> 78 | AD93: =AD91-AD89 -> 47 | AG93: =AG91-AG89 -> 103 | AH93: =AH91-AH89 -> 21 | AI93: =SUM(D93:AH93) -> 1089
B94: Atendimento à Pessoas com Deficiência | E94: =E75+E77+E79+E81+E83+E85 -> 12 | F94: =F75+F77+F79+F81+F83+F85 -> 11 | G94: =G75+G77+G79+G81+G83+G85 -> 13 | H94: =H75+H77+H79+H81+H83+H85 -> 7 | I94: =I75+I77+I79+I81+I83+I85 -> 6 | L94: =L75+L77+L79+L81+L83+L85 -> 8 | M94: =M75+M77+M79+M81+M83+M85 -> 6 | N94: =N75+N77+N79+N81+N83+N85 -> 1 | O94: =O75+O77+O79+O81+O83+O85 -> 7 | P94: =P75+P77+P79+P81+P83+P85 -> 3 | S94: =S75+S77+S79+S81+S83+S85 -> 11 | T94: =T75+T77+T79+T81+T83+T85 -> 2 | U94: =U75+U77+U79+U81+U83+U85 -> 15 | V94: =V75+V77+V79+V81+V83+V85 -> 8 | W94: =W75+W77+W79+W81+W83+W85 -> 5 | Z94: =Z75+Z77+Z79+Z81+Z83+Z85 -> 10 | AA94: =AA75+AA77+AA79+AA81+AA83+AA85 -> 8 | AB94: =AB75+AB77+AB79+AB81+AB83+AB85 -> 6 | AC94: =AC75+AC77+AC79+AC81+AC83+AC85 -> 12 | AD94: =AD75+AD77+AD79+AD81+AD83+AD85 -> 12 | AG94: =AG75+AG77+AG79+AG81+AG83+AG85 -> 10 | AH94: =AH75+AH77+AH79+AH81+AH83+AH85 -> 11 | AI94: =SUM(D94:AH94) -> 184
AJ95: observações:
A96: Restaurante ALVORADA | B96: Novos cadastros | E96: 1 | F96: 1 | G96: 4 | H96: 4 | I96: 2 | L96: 5 | M96: 7 | N96: 9 | O96: 1 | P96: 0 | S96: 1 | T96: 2 | U96: 3 | V96: 2 | W96: 0 | Z96: 4 | AA96: 1 | AB96: 2 | AC96: 4 | AD96: 2 | AG96: 1 | AH96: 0 | AI96: =SUM(D96:AH96) -> 56
B97: Usuários por faixa etária | C97: 3-17 anos M | E97: 7 | F97: 14 | G97: 8 | H97: 5 | I97: 4 | L97: 6 | M97: 5 | N97: 13 | O97: 8 | P97: 16 | S97: 6 | T97: 15 | U97: 5 | V97: 1 | W97: 11 | Z97: 12 | AA97: 11 | AB97: 7 | AC97: 4 | AD97: 10 | AG97: 12 | AH97: 7 | AI97: =SUM(D97:AH97) -> 187
C98: 3-17 anos M (PCD) | E98: 0 | F98: 0 | G98: 0 | H98: 0 | I98: 0 | L98: 0 | M98: 0 | N98: 0 | O98: 0 | P98: 0 | S98: 0 | T98: 0 | U98: 0 | V98: 0 | W98: 0 | Z98: 0 | AA98: 0 | AB98: 0 | AC98: 0 | AD98: 0 | AG98: 0 | AH98: 0 | AI98: =SUM(D98:AH98) -> 0
C99: 03-17 anos F | E99: 5 | F99: 11 | G99: 4 | H99: 4 | I99: 4 | L99: 5 | M99: 3 | N99: 8 | O99: 1 | P99: 15 | S99: 4 | T99: 14 | U99: 4 | V99: 1 | W99: 9 | Z99: 11 | AA99: 9 | AB99: 8 | AC99: 4 | AD99: 12 | AG99: 10 | AH99: 3 | AI99: =SUM(D99:AH99) -> 149
C100: 03-17 anos F (PCD) | E100: 0 | F100: 0 | G100: 0 | H100: 0 | I100: 0 | L100: 1 | M100: 0 | N100: 1 | O100: 0 | P100: 0 | S100: 0 | T100: 0 | U100: 0 | V100: 1 | W100: 0 | Z100: 0 | AA100: 0 | AB100: 0 | AC100: 0 | AD100: 0 | AG100: 0 | AH100: 0 | AI100: =SUM(D100:AH100) -> 3
C101: 17-59 M | E101: 121 | F101: 106 | G101: 120 | H101: 114 | I101: 114 | L101: 104 | M101: 108 | N101: 95 | O101: 114 | P101: 123 | S101: 115 | T101: 113 | U101: 124 | V101: 99 | W101: 129 | Z101: 110 | AA101: 107 | AB101: 106 | AC101: 126 | AD101: 114 | AG101: 111 | AH101: 128 | AI101: =SUM(D101:AH101) -> 2501
C102: 17-59 M (PCD) | E102: 1 | F102: 2 | G102: 2 | H102: 1 | I102: 0 | L102: 1 | M102: 0 | N102: 1 | O102: 0 | P102: 0 | S102: 1 | T102: 0 | U102: 2 | V102: 1 | W102: 0 | Z102: 0 | AA102: 1 | AB102: 2 | AC102: 0 | AD102: 0 | AG102: 0 | AH102: 0 | AI102: =SUM(D102:AH102) -> 15
C103: 17-59 F | E103: 54 | F103: 51 | G103: 38 | H103: 49 | I103: 47 | L103: 48 | M103: 47 | N103: 51 | O103: 46 | P103: 46 | S103: 47 | T103: 58 | U103: 42 | V103: 41 | W103: 58 | Z103: 49 | AA103: 44 | AB103: 53 | AC103: 43 | AD103: 59 | AG103: 50 | AH103: 53 | AI103: =SUM(D103:AH103) -> 1074
C104: 17-59 F (PCD) | E104: 0 | F104: 0 | G104: 0 | H104: 0 | I104: 0 | L104: 0 | M104: 0 | N104: 0 | O104: 0 | P104: 0 | S104: 0 | T104: 0 | U104: 0 | V104: 0 | W104: 0 | Z104: 0 | AA104: 0 | AB104: 0 | AC104: 0 | AD104: 0 | AG104: 0 | AH104: 0 | AI104: =SUM(D104:AH104) -> 0
...

Sheet 4
A1: ANO CALENDÁRIO | B1: MÊS | C1: Data | K1: Prato Cheio Capital
A2: 2026 | B2: ABRIL | C2: =DATE(A2,MATCH(B2,{"JANEIRO";"FEVEREIRO";"MARÇO";"ABRIL";"MAIO";"JUNHO";"JULHO";"AGOSTO";"SETEMBRO";"OUTUBRO";"NOVEMBRO";"DEZEMBRO"},0),1) -> 46113 | D2: =IF(ISERROR(DATE($A$2,$B$3,COLUMN()-3)),"",DAY(DATE($A$2,$B$3,COLUMN()-3))) -> 1 | E2: =IF(ISERROR(DATE($A$2,$B$3,COLUMN()-3)),"",DAY(DATE($A$2,$B$3,COLUMN()-3))) -> 2 | F2: =IF(ISERROR(DATE($A$2,$B$3,COLUMN()-3)),"",DAY(DATE($A$2,$B$3,COLUMN()-3))) -> 3 | G2: =IF(ISERROR(DATE($A$2,$B$3,COLUMN()-3)),"",DAY(DATE($A$2,$B$3,COLUMN()-3))) -> 4 | H2: =IF(ISERROR(DATE($A$2,$B$3,COLUMN()-3)),"",DAY(DATE($A$2,$B$3,COLUMN()-3))) -> 5 | I2: =IF(ISERROR(DATE($A$2,$B$3,COLUMN()-3)),"",DAY(DATE($A$2,$B$3,COLUMN()-3))) -> 6 | J2: =IF(ISERROR(DATE($A$2,$B$3,COLUMN()-3)),"",DAY(DATE($A$2,$B$3,COLUMN()-3))) -> 7 | K2: =IF(ISERROR(DATE($A$2,$B$3,COLUMN()-3)),"",DAY(DATE($A$2,$B$3,COLUMN()-3))) -> 8 | ... AG2: =IF(ISERROR(DATE($A$2,$B$3,COLUMN()-3)),"",DAY(DATE($A$2,$B$3,COLUMN()-3))) -> 30
B3: =MATCH(B2,{"JANEIRO";"FEVEREIRO";"MARÇO";"ABRIL";"MAIO";"JUNHO";"JULHO";"AGOSTO";"SETEMBRO";"OUTUBRO";"NOVEMBRO";"DEZEMBRO"},0) -> 4 | D3: =IF(D2="","",TEXT(DATE($A$2,$B$3,D2),"ddd")) -> qua | E3: =IF(E2="","",TEXT(DATE($A$2,$B$3,E2),"ddd")) -> qui | F3: =IF(F2="","",TEXT(DATE($A$2,$B$3,F2),"ddd")) -> sex | G3: =IF(G2="","",TEXT(DATE($A$2,$B$3,G2),"ddd")) -> sáb | H3: =IF(H2="","",TEXT(DATE($A$2,$B$3,H2),"ddd")) -> dom | I3: =IF(I2="","",TEXT(DATE($A$2,$B$3,I2),"ddd")) -> seg | J3: =IF(J2="","",TEXT(DATE($A$2,$B$3,J2),"ddd")) -> ter | K3: =IF(K2="","",TEXT(DATE($A$2,$B$3,K2),"ddd")) -> qua | ... AG3: =IF(AG2="","",TEXT(DATE($A$2,$B$3,AG2),"ddd")) -> qui | AI3: observações:
A4: Restaurante CENTRO | B4: Novos cadastros | D4: 23 | E4: 0 | I4: 0 | J4: 0 | K4: 0 | L4: 0 | M4: 0 | P4: 0 | Q4: 0 | R4: 0 | S4: 0 | T4: 0 | W4: 0 | Y4: 0 | Z4: 0 | AA4: 0 | AD4: 0 | AE4: 0 | AF4: 0 | AG4: 0 | AH4: =SUM(D4:AG4) -> 23 | AI4: observações: Pessoas em situações de rua estão inclusas nas faixa etária
B5: Usuários por faixa etária | C5: 3-17 anos M | D5: 5 | E5: 2 | I5: 5 | J5: 5 | K5: 4 | L5: 3 | M5: 0 | P5: 10 | Q5: 12 | R5: 0 | S5: 7 | T5: 19 | W5: 1 | Y5: 10 | Z5: 2 | AA5: 7 | AD5: 8 | AE5: 15 | AF5: 5 | AG5: 15 | AH5: =SUM(D5:AG5) -> 135
C6: 3-17 anos M (PCD) | D6: 0 | E6: 0 | I6: 0 | J6: 0 | K6: 0 | L6: 0 | M6: 0 | P6: 0 | Q6: 0 | R6: 0 | S6: 0 | T6: 0 | W6: 0 | Y6: 0 | Z6: 0 | AA6: 0 | AD6: 0 | AE6: 0 | AF6: 0 | AG6: 0 | AH6: =SUM(D6:AG6) -> 0
C7: 03-17 anos F | D7: 3 | E7: 2 | I7: 1 | J7: 2 | K7: 1 | L7: 0 | M7: 0 | P7: 2 | Q7: 2 | R7: 0 | S7: 2 | T7: 7 | W7: 0 | Y7: 4 | Z7: 0 | AA7: 2 | AD7: 1 | AE7: 6 | AF7: 2 | AG7: 7 | AH7: =SUM(D7:AG7) -> 44
C8: 03-17 anos F (PCD) | D8: 0 | E8: 0 | I8: 0 | J8: 0 | K8: 0 | L8: 0 | M8: 0 | P8: 0 | Q8: 0 | R8: 0 | S8: 0 | T8: 0 | W8: 0 | Y8: 0 | Z8: 0 | AA8: 0 | AD8: 0 | AE8: 0 | AF8: 0 | AG8: 0 | AH8: =SUM(D8:AG8) -> 0
C9: 17-59 M | D9: 114 | E9: 165 | I9: 187 | J9: 172 | K9: 168 | L9: 140 | M9: 0 | P9: 173 | Q9: 192 | R9: 0 | S9: 160 | T9: 204 | W9: 195 | Y9: 144 | Z9: 46 | AA9: 203 | AD9: 178 | AE9: 221 | AF9: 193 | AG9: 205 | AH9: =SUM(D9:AG9) -> 3060
C10: 17-59 M (PCD) | D10: 0 | E10: 0 | I10: 0 | J10: 0 | K10: 0 | L10: 0 | M10: 0 | P10: 0 | Q10: 0 | R10: 0 | S10: 0 | T10: 0 | W10: 0 | Y10: 0 | Z10: 0 | AA10: 0 | AD10: 0 | AE10: 0 | AF10: 0 | AG10: 0 | AH10: =SUM(D10:AG10) -> 0
C11: 17-59 F | D11: 19 | E11: 26 | I11: 18 | J11: 19 | K11: 18 | L11: 18 | M11: 5 | P11: 16 | Q11: 29 | R11: 0 | S11: 13 | T11: 40 | W11: 39 | Y11: 19 | Z11: 6 | AA11: 26 | AD11: 21 | AE11: 42 | AF11: 28 | AG11: 43 | AH11: =SUM(D11:AG11) -> 445
C12: 17-59 F (PCD) | D12: 1 | E12: 0 | I12: 0 | J12: 0 | K12: 0 | L12: 0 | M12: 0 | P12: 0 | Q12: 0 | R12: 0 | S12: 0 | T12: 0 | W12: 0 | Y12: 0 | Z12: 0 | AA12: 0 | AD12: 0 | AE12: 0 | AF12: 0 | AG12: 0 | AH12: =SUM(D12:AG12) -> 1
C13: a partir de 60 anos M | D13: 116 | E13: 119 | I13: 136 | J13: 124 | K13: 140 | L13: 95 | M13: 7 | P13: 137 | Q13: 134 | R13: 0 | S13: 140 | T13: 157 | W13: 149 | Y13: 139 | Z13: 60 | AA13: 167 | AD13: 140 | AE13: 167 | AF13: 156 | AG13: 160 | AH13: =SUM(D13:AG13) -> 2443
C14: a partir de 60 anos M (PCD) | D14: 6 | E14: 0 | I14: 0 | J14: 0 | K14: 0 | L14: 0 | M14: 0 | P14: 0 | Q14: 0 | R14: 0 | S14: 0 | T14: 0 | W14: 0 | Y14: 0 | Z14: 0 | AA14: 0 | AD14: 0 | AE14: 0 | AF14: 0 | AG14: 0 | AH14: =SUM(D14:AG14) -> 6
C15: a partir de 60 anos F | D15: 8 | E15: 4 | I15: 8 | J15: 10 | K15: 11 | L15: 12 | M15: 1 | P15: 4 | Q15: 10 | R15: 0 | S15: 10 | T15: 15 | W15: 10 | Y15: 5 | Z15: 1 | AA15: 10 | AD15: 10 | AE15: 12 | AF15: 12 | AG15: 10 | AH15: =SUM(D15:AG15) -> 163
C16: a partir de 60 anos F (PCD) | D16: 0 | E16: 0 | I16: 0 | J16: 0 | K16: 0 | L16: 0 | M16: 0 | P16: 0 | Q16: 0 | R16: 0 | S16: 0 | T16: 0 | W16: 0 | Y16: 0 | Z16: 0 | AA16: 0 | AD16: 0 | AE16: 0 | AF16: 0 | AG16: 0 | AH16: =SUM(D16:AG16) -> 0
C17: Pessoas em situação de rua M | D17: 75 | E17: 0 | I17: 0 | J17: 0 | K17: 0 | L17: 0 | M17: 0 | P17: 0 | Q17: 0 | R17: 0 | S17: 0 | T17: 0 | W17: 0 | Y17: 0 | Z17: 0 | AA17: 0 | AD17: 0 | AE17: 0 | AF17: 0 | AG17: 0 | AH17: =SUM(D17:AG17) -> 75
... C19: sem cadastro (genéricas) | D19: 217 | E19: 282 | I19: 234 | J19: 268 | K19: 225 | L19: 332 | M19: 587 | P19: 258 | Q19: 220 | R19: 0 | S19: 268 | T19: 157 | W19: 152 | Y19: 231 | Z19: 485 | AA19: 185 | AD19: 242 | AE19: 137 | AF19: 204 | AG19: 160 | AH19: =SUM(D19:AG19) -> 4844
B20: Usuários ATENDIDOS (ref. Vendidas) | D20: =SUM(D5:D19) -> 574 | E20: =SUM(E5:E19) -> 600 | I20: =SUM(I5:I19) -> 589 | J20: =SUM(J5:J19) -> 600 | K20: =SUM(K5:K19) -> 567 | L20: =SUM(L5:L19) -> 600 | M20: =SUM(M5:M19) -> 600 | P20: =SUM(P5:P19) -> 600 | Q20: =SUM(Q5:Q19) -> 599 | R20: 600 | S20: =SUM(S5:S19) -> 600 | T20: =SUM(T5:T19) -> 599 | W20: =SUM(W5:W19) -> 546 | Y20: =SUM(Y5:Y19) -> 552 | Z20: =SUM(Z5:Z19) -> 600 | AA20: =SUM(AA5:AA19) -> 600 | AD20: =SUM(AD5:AD19) -> 600 | AE20: =SUM(AE5:AE19) -> 600 | AF20: =SUM(AF5:AF19) -> 600 | AG20: =SUM(AG5:AG19) -> 600 | AH20: =SUM(D20:AG20) -> 11826
B21: Refeições Servidas | D21: 570 | E21: 600 | I21: 589 | J21: 600 | K21: 521 | L21: 588 | M21: 600 | P21: 588 | Q21: 599 | R21: 538 | S21: 582 | T21: 579 | W21: 542 | Y21: 545 | Z21: 592 | AA21: 592 | AD21: 597 | AE21: 586 | AF21: 580 | AG21: 591 | AH21: =SUM(D21:AG21) -> 11579
B22: REFEIÇÕES OFERTADAS | D22: 600 | E22: 600 | I22: 600 | J22: 600 | K22: 600 | L22: 600 | M22: 600 | P22: 600 | Q22: 600 | R22: 600 | S22: 600 | T22: 600 | W22: 600 | Y22: 600 | Z22: 600 | AA22: 600 | AD22: 600 | AE22: 600 | AF22: 600 | AG22: 600 | AH22: =SUM(D22:AG22) -> 12000
B23: SOBRA DE REFEIÇÕES | D23: =D22-D21 -> 30 | E23: =E22-E21 -> 0 | I23: =I22-I21 -> 11 | J23: =J22-J21 -> 0 | K23: =K22-K21 -> 79 | L23: =L22-L21 -> 12 | M23: =M22-M21 -> 0 | P23: =P22-P21 -> 12 | Q23: =Q22-Q21 -> 1 | R23: =R22-R21 -> 62 | S23: =S22-S21 -> 18 | T23: =T22-T21 -> 21 | W23: =W22-W21 -> 58 | Y23: =Y22-Y21 -> 55 | Z23: =Z22-Z21 -> 8 | AA23: =AA22-AA21 -> 8 | AD23: =AD22-AD21 -> 3 | AE23: =AE22-AE21 -> 14 | AF23: =AF22-AF21 -> 20 | AG23: =AG22-AG21 -> 9 | AH23: =SUM(D23:AG23) -> 421
B24: SOBRA DE SENHAS (não vendidas) | D24: =D22-D20 -> 26 | E24: =E22-E20 -> 0 | I24: =I22-I20 -> 11 | J24: =J22-J20 -> 0 | K24: =K22-K20 -> 33 | L24: =L22-L20 -> 0 | M24: =M22-M20 -> 0 | P24: =P22-P20 -> 0 | Q24: =Q22-Q20 -> 1 | R24: =R22-R20 -> 0 | S24: =S22-S20 -> 0 | T24: =T22-T20 -> 1 | W24: =W22-W20 -> 54 | Y24: =Y22-Y20 -> 48 | Z24: =Z22-Z20 -> 0 | AA24: =AA22-AA20 -> 0 | AD24: =AD22-AD20 -> 0 | AE24: =AE22-AE20 -> 0 | AF24: =AF22-AF20 -> 0 | AG24: =AG22-AG20 -> 0 | AH24: =SUM(D24:AG24) -> 174
B25: Atendimento à Pessoas com Deficiência | D25: =D6+D8+D10+D12+D14+D16 -> 7 | E25: =E6+E8+E10+E12+E14+E16 -> 0 | I25: =I7+I9+I11+I13+I15+I16 -> 350 | J25: =J6+J8+J10+J12+J14+J16 -> 0 | K25: =K6+K8+K10+K12+K14+K16 -> 0 | L25: =L6+L8+L10+L12+L14+L16 -> 0 | M25: =M6+M8+M10+M12+M14+M16 -> 0 | P25: =P6+P8+P10+P12+P14+P16 -> 0 | Q25: =Q6+Q8+Q10+Q12+Q14+Q16 -> 0 | R25: =R6+R8+R10+R12+R14+R16 -> 0 | S25: =S6+S8+S10+S12+S14+S16 -> 0 | T25: =T6+T8+T10+T12+T14+T16 -> 0 | W25: =W6+W8+W10+W12+W14+W16 -> 0 | Y25: =Y6+Y8+Y10+Y12+Y14+Y16 -> 0 | Z25: =Z6+Z8+Z10+Z12+Z14+Z16 -> 0 | AA25: =AA6+AA8+AA10+AA12+AA14+AA16 -> 0 | AD25: =AD6+AD8+AD10+AD12+AD14+AD16 -> 0 | AE25: =AE6+AE8+AE10+AE12+AE14+AE16 -> 0 | AF25: =AF6+AF8+AF10+AF12+AF14+AF16 -> 0 | AG25: =AG6+AG8+AG10+AG12+AG14+AG16 -> 0 | AH25: =SUM(D25:AG25) -> 357
AI26: observações:
A27: Restaurante COMPENSA | B27: Novos cadastros | D27: 4 | E27: 0 | I27: 2 | J27: 7 | K27: 0 | L27: 3 | M27: 1 | P27: 0 | Q27: 2 | R27: 0 | S27: 0 | T27: 0 | W27: 0 | Y27: 0 | Z27: 0 | AA27: 0 | AD27: 0 | AE27: 0 | AF27: 0 | AG27: 0 | AH27: =SUM(D27:AG27) -> 19
B28: Usuários por faixa etária | C28: 3-17 anos M | D28: 1 | E28: 0 | I28: 2 | J28: 1 | K28: 5 | L28: 4 | M28: 4 | P28: 4 | Q28: 1 | R28: 6 | S28: 2 | T28: 4 | W28: 0 | Y28: 2 | Z28: 4 | AA28: 6 | AD28: 5 | AE28: 7 | AF28: 3 | AG28: 4 | AH28: =SUM(D28:AG28) -> 65
C29: 3-17 anos M (PCD) | D29: 0 | E29: 0 | I29: 0 | J29: 0 | K29: 0 | L29: 0 | M29: 0 | P29: 0 | Q29: 0 | R29: 0 | S29: 0 | T29: 0 | W29: 0 | Y29: 0 | Z29: 0 | AA29: 0 | AD29: 0 | AE29: 0 | AF29: 0 | AG29: 0 | AH29: =SUM(D29:AG29) -> 0
C30: 03-17 anos F | D30: 2 | E30: 0 | I30: 2 | J30: 1 | K30: 1 | L30: 4 | M30: 2 | P30: 2 | Q30: 1 | R30: 5 | S30: 5 | T30: 3 | W30: 0 | Y30: 1 | Z30: 3 | AA30: 4 | AD30: 6 | AE30: 4 | AF30: 2 | AG30: 4 | AH30: =SUM(D30:AG30) -> 52
C31: 03-17 anos F (PCD) | D31: 0 | E31: 0 | I31: 0 | J31: 0 | K31: 0 | L31: 0 | M31: 0 | P31: 0 | Q31: 0 | R31: 0 | S31: 0 | T31: 0 | W31: 0 | Y31: 0 | Z31: 0 | AA31: 0 | AD31: 0 | AE31: 0 | AF31: 0 | AG31: 0 | AH31: =SUM(D31:AG31) -> 0
C32: 17-59 M | D32: 89 | E32: 87 | I32: 79 | J32: 93 | K32: 73 | L32: 93 | M32: 89 | P32: 93 | Q32: 93 | R32: 116 | S32: 106 | T32: 108 | W32: 96 | Y32: 109 | Z32: 121 | AA32: 105 | AD32: 103 | AE32: 115 | AF32: 96 | AG32: 93 | AH32: =SUM(D32:AG32) -> 1957
C33: 17-59 M (PCD) | D33: 6 | E33: 4 | I33: 4 | J33: 6 | K33: 3 | L33: 3 | M33: 5 | P33: 5 | Q33: 5 | R33: 0 | S33: 0 | T33: 0 | W33: 0 | Y33: 0 | Z33: 0 | AA33: 0 | AD33: 0 | AE33: 0 | AF33: 0 | AG33: 0 | AH33: =SUM(D33:AG33) -> 41
C34: 17-59 F | D34: 41 | E34: 39 | I34: 49 | J34: 50 | K34: 48 | L34: 51 | M34: 47 | P34: 47 | Q34: 45 | R34: 46 | S34: 43 | T34: 45 | W34: 44 | Y34: 49 | Z34: 37 | AA34: 46 | AD34: 40 | AE34: 42 | AF34: 63 | AG34: 32 | AH34: =SUM(D34:AG34) -> 904
C35: 17-59 F (PCD) | D35: 3 | E35: 1 | I35: 2 | J35: 3 | K35: 3 | L35: 4 | M35: 3 | P35: 3 | Q35: 3 | R35: 0 | S35: 0 | T35: 0 | W35: 0 | Y35: 0 | Z35: 0 | AA35: 0 | AD35: 0 | AE35: 0 | AF35: 0 | AG35: 0 | AH35: =SUM(D35:AG35) -> 25
C36: a partir de 60 anos M | D36: 56 | E36: 67 | I36: 84 | J36: 60 | K36: 73 | L36: 59 | M36: 57 | P36: 58 | Q36: 65 | R36: 60 | S36: 76 | T36: 67 | W36: 66 | Y36: 62 | Z36: 76 | AA36: 81 | AD36: 77 | AE36: 75 | AF36: 64 | AG36: 76 | AH36: =SUM(D36:AG36) -> 1359
C37: a partir de 60 anos M (PCD) | D37: 5 | E37: 4 | I37: 3 | J37: 3 | K37: 2 | L37: 6 | M37: 5 | P37: 5 | Q37: 3 | R37: 0 | S37: 0 | T37: 0 | W37: 0 | Y37: 0 | Z37: 0 | AA37: 0 | AD37: 0 | AE37: 0 | AF37: 0 | AG37: 0 | AH37: =SUM(D37:AG37) -> 36
C38: a partir de 60 anos F | D38: 19 | E38: 13 | I38: 32 | J38: 21 | K38: 24 | L38: 18 | M38: 24 | P38: 24 | Q38: 24 | R38: 24 | S38: 29 | T38: 23 | W38: 12 | Y38: 16 | Z38: 23 | AA38: 22 | AD38: 23 | AE38: 19 | AF38: 20 | AG38: 14 | AH38: =SUM(D38:AG38) -> 424
C39: a partir de 60 anos F (PCD) | D39: 2 | E39: 1 | I39: 1 | J39: 2 | K39: 2 | L39: 4 | M39: 2 | P39: 2 | Q39: 2 | R39: 0 | S39: 0 | T39: 0 | W39: 0 | Y39: 0 | Z39: 0 | AA39: 0 | AD39: 0 | AE39: 0 | AF39: 0 | AG39: 0 | AH39: =SUM(D39:AG39) -> 18
C40: Pessoas em situação de rua M | D40: 25 | E40: 30 | I40: 4 | J40: 23 | K40: 14 | L40: 17 | M40: 24 | P40: 20 | Q40: 22 | R40: 0 | S40: 0 | T40: 0 | W40: 0 | Y40: 0 | Z40: 0 | AA40: 0 | AD40: 0 | AE40: 0 | AF40: 0 | AG40: 0 | AH40: =SUM(D40:AG40) -> 179
... C42: sem cadastro (genéricas) | D42: 6 | E42: 6 | I42: 8 | J42: 6 | K42: 7 | L42: 7 | M42: 7 | P42: 6 | Q42: 5 | R42: 13 | S42: 9 | T42: 19 | W42: 9 | Y42: 3 | Z42: 6 | AA42: 0 | AD42: 4 | AE42: 6 | AF42: 22 | AG42: 13 | AH42: =SUM(D42:AG42) -> 162
B43: Usuários ATENDIDOS (ref. Vendidas) | D43: =SUM(D28:D42) -> 256 | E43: =SUM(E28:E42) -> 253 | I43: =SUM(I28:I42) -> 270 | J43: =SUM(J28:J42) -> 270 | K43: =SUM(K28:K42) -> 256 | L43: =SUM(L28:L42) -> 270 | M43: =SUM(M28:M42) -> 270 | P43: =SUM(P28:P42) -> 270 | Q43: =SUM(Q28:Q42) -> 270 | R43: =SUM(R28:R42) -> 270 | S43: =SUM(S28:S42) -> 270 | T43: =SUM(T28:T42) -> 269 | W43: =SUM(W28:W42) -> 227 | Y43: =SUM(Y28:Y42) -> 242 | Z43: =SUM(Z28:Z42) -> 270 | AA43: =SUM(AA28:AA42) -> 264 | AD43: =SUM(AD28:AD42) -> 258 | AE43: =SUM(AE28:AE42) -> 268 | AF43: =SUM(AF28:AF42) -> 270 | AG43: =SUM(AG28:AG42) -> 236 | AH43: =SUM(D43:AG43) -> 5229
B44: Refeições Servidas | D44: 256 | E44: 253 | I44: 270 | J44: 270 | K44: 256 | L44: 260 | M44: 260 | P44: 264 | Q44: 260 | R44: 265 | S44: 260 | T44: 260 | W44: 227 | Y44: 242 | Z44: 270 | AA44: 264 | AD44: 258 | AE44: 268 | AF44: 270 | AG44: 236 | AH44: =SUM(D44:AG44) -> 5169
B45: REFEIÇÕES OFERTADAS | D45: 270 | E45: 270 | I45: 270 | J45: 270 | K45: 270 | L45: 270 | M45: 270 | P45: 270 | Q45: 270 | R45: 270 | S45: 270 | T45: 270 | W45: 270 | Y45: 270 | Z45: 270 | AA45: 270 | AD45: 270 | AE45: 270 | AF45: 270 | AG45: 270 | AH45: =SUM(D45:AG45) -> 5400
B46: SOBRA DE REFEIÇÕES | D46: =D45-D44 -> 14 | E46: =E45-E44 -> 17 | I46: =I45-I44 -> 0 | J46: =J45-J44 -> 0 | K46: =K45-K44 -> 14 | L46: =L45-L44 -> 10 | M46: =M45-M44 -> 10 | P46: =P45-P44 -> 6 | Q46: =Q45-Q44 -> 10 | R46: =R45-R44 -> 5 | S46: =S45-S44 -> 10 | T46: =T45-T44 -> 10 | W46: =W45-W44 -> 43 | Y46: =Y45-Y44 -> 28 | Z46: =Z45-Z44 -> 0 | AA46: =AA45-AA44 -> 6 | AD46: =AD45-AD44 -> 12 | AE46: =AE45-AE44 -> 2 | AF46: =AF45-AF44 -> 0 | AG46: =AG45-AG44 -> 34 | AH46: =SUM(D46:AG46) -> 231
B47: SOBRA DE SENHAS (não vendidas) | D47: =D45-D43 -> 14 | E47: =E45-E43 -> 17 | I47: =I45-I43 -> 0 | J47: =J45-J43 -> 0 | K47: =K45-K43 -> 14 | L47: =L45-L43 -> 0 | M47: =M45-M43 -> 0 | P47: =P45-P43 -> 0 | Q47: =Q45-Q43 -> 0 | R47: =R45-R43 -> 0 | S47: =S45-S43 -> 0 | T47: =T45-T43 -> 1 | W47: =W45-W43 -> 43 | Y47: =Y45-Y43 -> 28 | Z47: =Z45-Z43 -> 0 | AA47: =AA45-AA43 -> 6 | AD47: =AD45-AD43 -> 12 | AE47: =AE45-AE43 -> 2 | AF47: =AF45-AF43 -> 0 | AG47: =AG45-AG43 -> 34 | AH47: =SUM(D47:AG47) -> 171
B48: Atendimento à Pessoas com Deficiência | D48: =D29+D31+D33+D35+D37+D39 -> 16 | E48: =E29+E31+E33+E35+E37+E39 -> 10 | I48: =I29+I31+I33+I35+I37+I39 -> 10 | J48: =J29+J31+J33+J35+J37+J39 -> 14 | K48: =K29+K31+K33+K35+K37+K39 -> 10 | L48: =L29+L31+L33+L35+L37+L39 -> 17 | M48: =M29+M31+M33+M35+M37+M39 -> 15 | P48: =P29+P31+P33+P35+P37+P39 -> 15 | Q48: =Q29+Q31+Q33+Q35+Q37+Q39 -> 13 | R48: =R29+R31+R33+R35+R37+R39 -> 0 | S48: =S29+S31+S33+S35+S37+S39 -> 0 | T48: =T29+T31+T33+T35+T37+T39 -> 0 | W48: =W29+W31+W33+W35+W37+W39 -> 0 | Y48: =Y29+Y31+Y33+Y35+Y37+Y39 -> 0 | Z48: =Z29+Z31+Z33+Z35+Z37+Z39 -> 0 | AA48: =AA29+AA31+AA33+AA35+AA37+AA39 -> 0 | AD48: =AD29+AD31+AD33+AD35+AD37+AD39 -> 0 | AE48: =AE29+AE31+AE33+AE35+AE37+AE39 -> 0 | AF48: =AF29+AF31+AF33+AF35+AF37+AF39 -> 0 | AG48: =AG29+AG31+AG33+AG35+AG37+AG39 -> 0 | AH48: =SUM(D48:AG48) -> 120
AI49: observações:
A50: Restaurante JORGE TEIXEIRA | B50: Novos cadastros | D50: 8 | E50: 5 | I50: 7 | J50: 2 | K50: 10 | L50: 11 | M50: 5 | P50: 2 | Q50: 4 | R50: 1 | S50: 1 | T50: 5 | W50: 8 | Y50: 1 | Z50: 3 | AA50: 5 | AD50: 4 | AE50: 3 | AF50: 9 | AG50: 5 | AH50: =SUM(D50:AG50) -> 99
B51: Usuários por faixa etária | C51: 3-17 anos M | D51: 7 | E51: 10 | I51: 13 | J51: 14 | K51: 22 | L51: 9 | M51: 20 | P51: 26 | Q51: 12 | R51: 28 | S51: 17 | T51: 24 | W51: 14 | Y51: 13 | Z51: 12 | AA51: 21 | AD51: 26 | AE51: 26 | AF51: 11 | AG51: 25 | AH51: =SUM(D51:AG51) -> 350
C52: 3-17 anos M (PCD) | D52: 0 | E52: 0 | I52: 0 | J52: 0 | K52: 0 | L52: 0 | M52: 0 | P52: 0 | Q52: 0 | R52: 0 | S52: 0 | T52: 0 | W52: 0 | Y52: 0 | Z52: 0 | AA52: 0 | AD52: 0 | AE52: 0 | AF52: 0 | AG52: 0 | AH52: =SUM(D52:AG52) -> 0
C53: 03-17 anos F | D53: 15 | E53: 19 | I53: 21 | J53: 15 | K53: 27 | L53: 13 | M53: 26 | P53: 18 | Q53: 15 | R53: 19 | S53: 26 | T53: 16 | W53: 17 | Y53: 19 | Z53: 19 | AA53: 22 | AD53: 20 | AE53: 12 | AF53: 20 | AG53: 12 | AH53: =SUM(D53:AG53) -> 371
C54: 03-17 anos F (PCD) | D54: 0 | E54: 0 | I54: 0 | J54: 0 | K54: 0 | L54: 0 | M54: 0 | P54: 0 | Q54: 0 | R54: 0 | S54: 0 | T54: 0 | W54: 0 | Y54: 0 | Z54: 0 | AA54: 0 | AD54: 0 | AE54: 1 | AF54: 1 | AG54: 0 | AH54: =SUM(D54:AG54) -> 2
C55: 17-59 M | D55: 66 | E55: 76 | I55: 66 | J55: 71 | K55: 79 | L55: 57 | M55: 82 | P55: 101 | Q55: 77 | R55: 90 | S55: 68 | T55: 93 | W55: 67 | Y55: 68 | Z55: 73 | AA55: 71 | AD55: 92 | AE55: 80 | AF55: 64 | AG55: 61 | AH55: =SUM(D55:AG55) -> 1502
C56: 17-59 M (PCD) | D56: 0 | E56: 0 | I56: 0 | J56: 0 | K56: 0 | L56: 0 | M56: 0 | P56: 0 | Q56: 0 | R56: 0 | S56: 0 | T56: 0 | W56: 0 | Y56: 0 | Z56: 0 | AA56: 1 | AD56: 0 | AE56: 1 | AF56: 1 | AG56: 0 | AH56: =SUM(D56:AG56) -> 3
C57: 17-59 F | D57: 22 | E57: 39 | I57: 35 | J57: 35 | K57: 48 | L57: 27 | M57: 59 | P57: 30 | Q57: 26 | R57: 48 | S57: 32 | T57: 44 | W57: 33 | Y57: 37 | Z57: 24 | AA57: 34 | AD57: 45 | AE57: 45 | AF57: 37 | AG57: 30 | AH57: =SUM(D57:AG57) -> 730
C58: 17-59 F (PCD) | D58: 0 | E58: 0 | I58: 0 | J58: 0 | K58: 0 | L58: 0 | M58: 0 | P58: 0 | Q58: 0 | R58: 0 | S58: 1 | T58: 0 | W58: 0 | Y58: 0 | Z58: 0 | AA58: 0 | AD58: 0 | AE58: 1 | AF58: 0 | AG58: 0 | AH58: =SUM(D58:AG58) -> 2
C59: a partir de 60 anos M | D59: 62 | E59: 75 | I59: 77 | J59: 67 | K59: 83 | L59: 62 | M59: 83 | P59: 81 | Q59: 79 | R59: 73 | S59: 80 | T59: 85 | W59: 60 | Y59: 69 | Z59: 67 | AA59: 84 | AD59: 85 | AE59: 68 | AF59: 63 | AG59: 69 | AH59: =SUM(D59:AG59) -> 1472
C60: a partir de 60 anos M (PCD) | D60: 0 | E60: 1 | I60: 0 | J60: 1 | K60: 1 | L60: 1 | M60: 1 | P60: 1 | Q60: 0 | R60: 0 | S60: 1 | T60: 0 | W60: 0 | Y60: 0 | Z60: 0 | AA60: 0 | AD60: 0 | AE60: 0 | AF60: 0 | AG60: 0 | AH60: =SUM(D60:AG60) -> 7
C61: a partir de 60 anos F | D61: 12 | E61: 22 | I61: 19 | J61: 19 | K61: 26 | L61: 14 | M61: 20 | P61: 25 | Q61: 16 | R61: 24 | S61: 15 | T61: 18 | W61: 15 | Y61: 17 | Z61: 14 | AA61: 19 | AD61: 19 | AE61: 19 | AF61: 19 | AG61: 10 | AH61: =SUM(D61:AG61) -> 362
C62: a partir de 60 anos F (PCD) | D62: 0 | E62: 0 | I62: 0 | J62: 0 | K62: 0 | L62: 0 | M62: 0 | P62: 0 | Q62: 0 | R62: 0 | S62: 0 | T62: 0 | W62: 0 | Y62: 0 | Z62: 0 | AA62: 0 | AD62: 0 | AE62: 0 | AF62: 0 | AG62: 0 | AH62: =SUM(D62:AG62) -> 0
C63: Pessoas em situação de rua M | D63: 23 | E63: 22 | I63: 24 | J63: 25 | K63: 26 | L63: 16 | M63: 29 | P63: 27 | Q63: 56 | R63: 57 | S63: 42 | T63: 36 | W63: 29 | Y63: 21 | Z63: 22 | AA63: 24 | AD63: 47 | AE63: 22 | AF63: 23 | AG63: 28 | AH63: =SUM(D63:AG63) -> 599
... C65: sem cadastro (genéricas) | D65: 120 | E65: 144 | I65: 141 | J65: 131 | K65: 162 | L65: 103 | M65: 133 | P65: 113 | Q65: 91 | R65: 109 | S65: 120 | T65: 130 | W65: 81 | Y65: 146 | Z65: 176 | AA65: 221 | AD65: 125 | AE65: 222 | AF65: 161 | AG65: 157 | AH65: =SUM(D65:AG65) -> 2786
B66: Usuários ATENDIDOS (ref. Vendidas) | D66: =SUM(D51:D65) -> 329 | E66: =SUM(E51:E65) -> 410 | I66: =SUM(I51:I65) -> 399 | J66: =SUM(J51:J65) -> 380 | K66: =SUM(K51:K65) -> 475 | L66: =SUM(L51:L65) -> 304 | M66: =SUM(M51:M65) -> 459 | P66: =SUM(P51:P65) -> 425 | Q66: =SUM(Q51:Q65) -> 377 | R66: =SUM(R51:R65) -> 450 | S66: =SUM(S51:S65) -> 407 | T66: =SUM(T51:T65) -> 449 | W66: =SUM(W51:W65) -> 319 | Y66: =SUM(Y51:Y65) -> 392 | Z66: =SUM(Z51:Z65) -> 409 | AA66: =SUM(AA51:AA65) -> 500 | AD66: =SUM(AD51:AD65) -> 462 | AE66: =SUM(AE51:AE65) -> 500 | AF66: =SUM(AF51:AF65) -> 402 | AG66: =SUM(AG51:AG65) -> 393 | AH66: =SUM(D66:AG66) -> 8241
B67: Refeições Servidas | D67: 322 | E67: 394 | I67: 391 | J67: 368 | K67: 469 | L67: 280 | M67: 451 | P67: 413 | Q67: 369 | R67: 443 | S67: 402 | T67: 422 | W67: 311 | Y67: 380 | Z67: 407 | AA67: 494 | AD67: 443 | AE67: 492 | AF67: 400 | AG67: 390 | AH67: =SUM(D67:AG67) -> 8041
B68: REFEIÇÕES OFERTADAS | D68: 500 | E68: 500 | I68: 500 | J68: 500 | K68: 500 | L68: 500 | M68: 500 | P68: 500 | Q68: 500 | R68: 500 | S68: 500 | T68: 500 | W68: 500 | Y68: 500 | Z68: 500 | AA68: 500 | AD68: 500 | AE68: 500 | AF68: 500 | AG68: 500 | AH68: =SUM(D68:AG68) -> 10000
B69: SOBRA DE REFEIÇÕES | D69: =D68-D67 -> 178 | E69: =E68-E67 -> 106 | I69: =I68-I67 -> 109 | J69: =J68-J67 -> 132 | K69: =K68-K67 -> 31 | L69: =L68-L67 -> 220 | M69: =M68-M67 -> 49 | P69: =P68-P67 -> 87 | Q69: =Q68-Q67 -> 131 | R69: =R68-R67 -> 57 | S69: =S68-S67 -> 98 | T69: =T68-T67 -> 78 | W69: =W68-W67 -> 189 | Y69: =Y68-Y67 -> 120 | Z69: =Z68-Z67 -> 93 | AA69: =AA68-AA67 -> 6 | AD69: =AD68-AD67 -> 57 | AE69: =AE68-AE67 -> 8 | AF69: =AF68-AF67 -> 100 | AG69: =AG68-AG67 -> 110 | AH69: =SUM(D69:AG69) -> 1959
B70: SOBRA DE SENHAS (não vendidas) | D70: =D68-D66 -> 171 | E70: =E68-E66 -> 90 | I70: =I68-I66 -> 101 | J70: =J68-J66 -> 120 | K70: =K68-K66 -> 25 | L70: =L68-L66 -> 196 | M70: =M68-M66 -> 41 | P70: =P68-P66 -> 75 | Q70: =Q68-Q66 -> 123 | R70: =R68-R66 -> 50 | S70: =S68-S66 -> 93 | T70: =T68-T66 -> 51 | W70: =W68-W66 -> 181 | Y70: =Y68-Y66 -> 108 | Z70: =Z68-Z66 -> 91 | AA70: =AA68-AA66 -> 0 | AD70: =AD68-AD66 -> 38 | AE70: =AE68-AE66 -> 0 | AF70: =AF68-AF66 -> 98 | AG70: =AG68-AG66 -> 107 | AH70: =SUM(D70:AG70) -> 1759
B71: Atendimento à Pessoas com Deficiência | D71: =D52+D54+D56+D58+D60+D62 -> 0 | E71: =E52+E54+E56+E58+E60+E62 -> 1 | I71: =I52+I54+I56+I58+I60+I62 -> 0 | J71: =J52+J54+J56+J58+J60+J62 -> 1 | K71: =K52+K54+K56+K58+K60+K62 -> 1 | L71: =L52+L54+L56+L58+L60+L62 -> 1 | M71: =M52+M54+M56+M58+M60+M62 -> 1 | P71: =P52+P54+P56+P58+P60+P62 -> 1 | Q71: =Q52+Q54+Q56+Q58+Q60+Q62 -> 0 | R71: =R52+R54+R56+R58+R60+R62 -> 0 | S71: =S52+S54+S56+S58+S60+S62 -> 2 | T71: =T52+T54+T56+T58+T60+T62 -> 0 | W71: =W52+W54+W56+W58+W60+W62 -> 0 | Y71: =Y52+Y54+Y56+Y58+Y60+Y62 -> 0 | Z71: =Z52+Z54+Z56+Z58+Z60+Z62 -> 0 | AA71: =AA52+AA54+AA56+AA58+AA60+AA62 -> 1 | AD71: =AD52+AD54+AD56+AD58+AD60+AD62 -> 0 | AE71: =AE52+AE54+AE56+AE58+AE60+AE62 -> 3 | AF71: =AF52+AF54+AF56+AF58+AF60+AF62 -> 2 | AG71: 1 | AH71: =SUM(D71:AG71) -> 15
AI72: observações:
A73: Restaurante NOVO ISRAEL | B73: Novos cadastros | D73: 0 | E73: 0 | I73: 3 | J73: 7 | K73: 4 | L73: 0 | M73: 1 | P73: 0 | Q73: 9 | R73: 6 | S73: 12 | T73: 1 | W73: 4 | Y73: 1 | Z73: 5 | AA73: 1 | AD73: 3 | AE73: 4 | AF73: 0 | AG73: 0 | AH73: =SUM(D73:AG73) -> 61 | AI73: 29/04-30/04- Sistema com erro em manutenção
B74: Usuários por faixa etária | C74: 3-17 anos M | D74: 23 | E74: 30 | I74: 48 | J74: 32 | K74: 9 | L74: 6 | M74: 10 | P74: 13 | Q74: 12 | R74: 16 | S74: 21 | T74: 10 | W74: 9 | Y74: 23 | Z74: 13 | AA74: 19 | AD74: 14 | AE74: 14 | AF74: 0 | AG74: 0 | AH74: =SUM(D74:AG74) -> 322
C75: 3-17 anos M (PCD) | D75: 4 | E75: 0 | I75: 0 | J75: 0 | K75: 3 | L75: 0 | M75: 0 | P75: 0 | Q75: 0 | R75: 0 | S75: 0 | T75: 0 | W75: 0 | Y75: 3 | Z75: 0 | AA75: 0 | AD75: 4 | AE75: 0 | AF75: 0 | AG75: 0 | AH75: =SUM(D75:AG75) -> 14
C76: 03-17 anos F | D76: 11 | E76: 18 | I76: 35 | J76: 33 | K76: 12 | L76: 8 | M76: 14 | P76: 8 | Q76: 17 | R76: 12 | S76: 21 | T76: 17 | W76: 9 | Y76: 23 | Z76: 14 | AA76: 15 | AD76: 12 | AE76: 13 | AF76: 0 | AG76: 0 | AH76: =SUM(D76:AG76) -> 292
C77: 03-17 anos F (PCD) | D77: 1 | E77: 0 | I77: 0 | J77: 1 | K77: 0 | L77: 0 | M77: 1 | P77: 1 | Q77: 1 | R77: 1 | S77: 0 | T77: 1 | W77: 0 | Y77: 0 | Z77: 0 | AA77: 0 | AD77: 1 | AE77: 1 | AF77: 0 | AG77: 0 | AH77: =SUM(D77:AG77) -> 9
C78: 17-59 M | D78: 45 | E78: 77 | I78: 89 | J78: 88 | K78: 58 | L78: 41 | M78: 80 | P78: 73 | Q78: 62 | R78: 54 | S78: 59 | T78: 65 | W78: 54 | Y78: 75 | Z78: 41 | AA78: 69 | AD78: 70 | AE78: 57 | AF78: 0 | AG78: 0 | AH78: =SUM(D78:AG78) -> 1157
C79: 17-59 M (PCD) | D79: 3 | E79: 2 | I79: 1 | J79: 6 | K79: 3 | L79: 2 | M79: 5 | P79: 2 | Q79: 2 | R79: 4 | S79: 2 | T79: 4 | W79: 3 | Y79: 4 | Z79: 1 | AA79: 4 | AD79: 4 | AE79: 3 | AF79: 0 | AG79: 0 | AH79: =SUM(D79:AG79) -> 55
C80: 17-59 F | D80: 15 | E80: 55 | I80: 69 | J80: 53 | K80: 25 | L80: 16 | M80: 35 | P80: 29 | Q80: 21 | R80: 29 | S80: 37 | T80: 29 | W80: 21 | Y80: 42 | Z80: 20 | AA80: 56 | AD80: 20 | AE80: 19 | AF80: 0 | AG80: 0 | AH80: =SUM(D80:AG80) -> 591
C81: 17-59 F (PCD) | D81: 1 | E81: 3 | I81: 1 | J81: 1 | K81: 1 | L81: 0 | M81: 0 | P81: 0 | Q81: 0 | R81: 1 | S81: 0 | T81: 1 | W81: 1 | Y81: 2 | Z81: 2 | AA81: 2 | AD81: 0 | AE81: 0 | AF81: 0 | AG81: 0 | AH81: =SUM(D81:AG81) -> 16
C82: a partir de 60 anos M | D82: 45 | E82: 66 | I82: 68 | J82: 78 | K82: 61 | L82: 47 | M82: 70 | P82: 72 | Q82: 60 | R82: 63 | S82: 48 | T82: 61 | W82: 55 | Y82: 76 | Z82: 46 | AA82: 86 | AD82: 62 | AE82: 61 | AF82: 0 | AG82: 0 | AH82: =SUM(D82:AG82) -> 1125
C83: a partir de 60 anos M (PCD) | D83: 1 | E83: 5 | I83: 3 | J83: 4 | K83: 4 | L83: 2 | M83: 2 | P83: 3 | Q83: 3 | R83: 5 | S83: 2 | T83: 3 | W83: 2 | Y83: 3 | Z83: 3 | AA83: 5 | AD83: 4 | AE83: 3 | AF83: 0 | AG83: 0 | AH83: =SUM(D83:AG83) -> 57
C84: a partir de 60 anos F | D84: 10 | E84: 19 | I84: 19 | J84: 26 | K84: 15 | L84: 18 | M84: 18 | P84: 14 | Q84: 21 | R84: 16 | S84: 13 | T84: 14 | W84: 10 | Y84: 24 | Z84: 19 | AA84: 24 | AD84: 16 | AE84: 14 | AF84: 0 | AG84: 0 | AH84: =SUM(D84:AG84) -> 310
C85: a partir de 60 anos F (PCD) | D85: 0 | E85: 1 | I85: 0 | J85: 0 | K85: 1 | L85: 0 | M85: 0 | P85: 0 | Q85: 0 | R85: 0 | S85: 0 | T85: 0 | W85: 0 | Y85: 0 | Z85: 0 | AA85: 0 | AD85: 0 | AE85: 0 | AF85: 0 | AG85: 0 | AH85: =SUM(D85:AG85) -> 2
C86: Pessoas em situação de rua M | D86: 7 | E86: 9 | I86: 3 | J86: 1 | K86: 3 | L86: 2 | M86: 3 | P86: 7 | Q86: 2 | R86: 5 | S86: 2 | T86: 6 | W86: 3 | Y86: 3 | Z86: 2 | AA86: 4 | AD86: 4 | AE86: 2 | AF86: 0 | AG86: 0 | AH86: =SUM(D86:AG86) -> 68
... C88: sem cadastro (genéricas) | D88: 154 | E88: 36 | I88: 44 | J88: 123 | K88: 135 | L88: 234 | M88: 212 | P88: 188 | Q88: 213 | R88: 244 | S88: 219 | T88: 239 | W88: 136 | Y88: 172 | Z88: 289 | AA88: 92 | AD88: 200 | AE88: 263 | AF88: 0 | AG88: 0 | AH88: =SUM(D88:AG88) -> 3193
B89: Usuários ATENDIDOS (ref. Vendidas) | D89: =SUM(D74:D88) -> 320 | E89: =SUM(E74:E88) -> 321 | I89: =SUM(I74:I88) -> 380 | J89: =SUM(J74:J88) -> 446 | K89: =SUM(K74:K88) -> 330 | L89: =SUM(L74:L88) -> 376 | M89: =SUM(M74:M88) -> 450 | P89: =SUM(P74:P88) -> 410 | Q89: =SUM(Q74:Q88) -> 414 | R89: =SUM(R74:R88) -> 450 | S89: =SUM(S74:S88) -> 424 | T89: =SUM(T74:T88) -> 450 | W89: =SUM(W74:W88) -> 303 | Y89: =SUM(Y74:Y88) -> 450 | Z89: =SUM(Z74:Z88) -> 450 | AA89: =SUM(AA74:AA88) -> 376 | AD89: =SUM(AD74:AD88) -> 411 | AE89: =SUM(AE74:AE88) -> 450 | AF89: 355 | AG89: 400 | AH89: =SUM(D89:AG89) -> 7966
B90: Refeições Servidas | D90: 307 | E90: 306 | I90: 370 | J90: 435 | K90: 319 | L90: 266 | M90: 436 | P90: 400 | Q90: 395 | R90: 446 | S90: 412 | T90: 446 | W90: 295 | Y90: 435 | Z90: 439 | AA90: 376 | AD90: 395 | AE90: 438 | AF90: 355 | AG90: 400 | AH90: =SUM(D90:AG90) -> 7671
B91: REFEIÇÕES OFERTADAS | D91: 450 | E91: 450 | I91: 450 | J91: 450 | K91: 450 | L91: 450 | M91: 450 | P91: 450 | Q91: 450 | R91: 450 | S91: 450 | T91: 450 | W91: 450 | Y91: 450 | Z91: 450 | AA91: 450 | AD91: 450 | AE91: 450 | AF91: 450 | AG91: 450 | AH91: =SUM(D91:AG91) -> 9000
B92: SOBRA DE REFEIÇÕES | D92: =D91-D90 -> 143 | E92: =E91-E90 -> 144 | I92: =I91-I90 -> 80 | J92: =J91-J90 -> 15 | K92: =K91-K90 -> 131 | L92: =L91-L90 -> 184 | M92: =M91-M90 -> 14 | P92: =P91-P90 -> 50 | Q92: =Q91-Q90 -> 55 | R92: =R91-R90 -> 4 | S92: =S91-S90 -> 38 | T92: =T91-T90 -> 4 | W92: =W91-W90 -> 155 | Y92: =Y91-Y90 -> 15 | Z92: =Z91-Z90 -> 11 | AA92: =AA91-AA90 -> 74 | AD92: =AD91-AD90 -> 55 | AE92: =AE91-AE90 -> 12 | AF92: =AF91-AF90 -> 95 | AG92: =AG91-AG90 -> 50 | AH92: =SUM(D92:AG92) -> 1329
B93: SOBRA DE SENHAS (não vendidas) | D93: =D91-D89 -> 130 | E93: =E91-E89 -> 129 | I93: =I91-I89 -> 70 | J93: =J91-J89 -> 4 | K93: =K91-K89 -> 120 | L93: =L91-L89 -> 74 | M93: =M91-M89 -> 0 | P93: =P91-P89 -> 40 | Q93: =Q91-Q89 -> 36 | R93: =R91-R89 -> 0 | S93: =S91-S89 -> 26 | T93: =T91-T89 -> 0 | W93: =W91-W89 -> 147 | Y93: =Y91-Y89 -> 0 | Z93: =Z91-Z89 -> 0 | AA93: =AA91-AA89 -> 74 | AD93: =AD91-AD89 -> 39 | AE93: =AE91-AE89 -> 0 | AF93: =AF91-AF89 -> 95 | AG93: =AG91-AG89 -> 50 | AH93: =SUM(D93:AG93) -> 1034
B94: Atendimento à Pessoas com Deficiência | D94: =D75+D77+D79+D81+D83+D85 -> 10 | E94: =E75+E77+E79+E81+E83+E85 -> 11 | I94: =I75+I77+I79+I81+I83+I85 -> 5 | J94: =J75+J77+J79+J81+J83+J85 -> 12 | K94: =K75+K77+K79+K81+K83+K85 -> 12 | L94: =L75+L77+L79+L81+L83+L85 -> 4 | M94: =M75+M77+M79+M81+M83+M85 -> 8 | P94: =P75+P77+P79+P81+P83+P85 -> 6 | Q94: =Q75+Q77+Q79+Q81+Q83+Q85 -> 6 | R94: =R75+R77+R79+R81+R83+R85 -> 11 | S94: =S75+S77+S79+S81+S83+S85 -> 4 | T94: =T75+T77+T79+T81+T83+T85 -> 9 | W94: =W75+W77+W79+W81+W83+W85 -> 6 | Y94: =Y75+Y77+Y79+Y81+Y83+Y85 -> 12 | Z94: =Z75+Z77+Z79+Z81+Z83+Z85 -> 6 | AA94: =AA75+AA77+AA79+AA81+AA83+AA85 -> 11 | AD94: =AD75+AD77+AD79+AD81+AD83+AD85 -> 13 | AE94: =AE75+AE77+AE79+AE81+AE83+AE85 -> 7 | AF94: =AF75+AF77+AF79+AF81+AF83+AF85 -> 0 | AG94: =AG75+AG77+AG79+AG81+AG83+AG85 -> 0 | AH94: =SUM(D94:AG94) -> 153
AI95: observações:
A96: Restaurante ALVORADA | B96: Novos cadastros | D96: 0 | E96: 8 | I96: 0 | J96: 4 | K96: 0 | L96: 0 | M96: 0 | P96: 0 | Q96: 5 | R96: 6 | S96: 1 | T96: 0 | W96: 0 | Y96: 0 | Z96: 0 | AA96: 0 | AD96: 0 | AE96: 0 | AF96: 0 | AG96: 0 | AH96: =SUM(D96:AG96) -> 24
B97: Usuários por faixa etária | C97: 3-17 anos M | D97: 10 | E97: 7 | I97: 1 | J97: 12 | K97: 10 | L97: 1 | M97: 1 | P97: 12 | Q97: 11 | R97: 6 | S97: 11 | T97: 19 | W97: 18 | Y97: 7 | Z97: 14 | AA97: 5 | AD97: 9 | AE97: 10 | AF97: 6 | AG97: 8 | AH97: =SUM(D97:AG97) -> 178
C98: 3-17 anos M (PCD) | D98: 0 | E98: 0 | I98: 0 | J98: 0 | K98: 0 | L98: 0 | M98: 0 | P98: 0 | Q98: 0 | R98: 0 | S98: 0 | T98: 0 | W98: 0 | Y98: 0 | Z98: 0 | AA98: 0 | AD98: 0 | AE98: 0 | AF98: 0 | AG98: 0 | AH98: =SUM(D98:AG98) -> 0
C99: 03-17 anos F | D99: 12 | E99: 3 | I99: 1 | J99: 9 | K99: 10 | L99: 6 | M99: 6 | P99: 4 | Q99: 9 | R99: 1 | S99: 12 | T99: 12 | W99: 11 | Y99: 0 | Z99: 8 | AA99: 5 | AD99: 12 | AE99: 7 | AF99: 3 | AG99: 8 | AH99: =SUM(D99:AG99) -> 139
C100: 03-17 anos F (PCD) | D100: 1 | E100: 0 | I100: 0 | J100: 1 | K100: 0 | L100: 0 | M100: 0 | P100: 0 | Q100: 0 | R100: 1 | S100: 0 | T100: 0 | W100: 1 | Y100: 0 | Z100: 0 | AA100: 0 | AD100: 0 | AE100: 0 | AF100: 0 | AG100: 0 | AH100: =SUM(D100:AG100) -> 4
C101: 17-59 M | D101: 116 | E101: 85 | I101: 117 | J101: 102 | K101: 118 | L101: 101 | M101: 101 | P101: 85 | Q101: 115 | R101: 134 | S101: 111 | T101: 110 | W101: 92 | Y101: 116 | Z101: 100 | AA101: 47 | AD101: 126 | AE101: 151 | AF101: 135 | AG101: 131 | AH101: =SUM(D101:AG101) -> 2193
C102: 17-59 M (PCD) | D102: 1 | E102: 0 | I102: 0 | J102: 1 | K102: 1 | L102: 0 | M102: 0 | P102: 0 | Q102: 0 | R102: 1 | S102: 0 | T102: 0 | W102: 1 | Y102: 0 | Z102: 1 | AA102: 0 | AD102: 0 | AE102: 0 | AF102: 0 | AG102: 74 | AH102: =SUM(D102:AG102) -> 80
C103: 17-59 F | D103: 59 | E103: 45 | I103: 46 | J103: 55 | K103: 57 | L103: 42 | M103: 42 | P103: 52 | Q103: 75 | R103: 35 | S103: 69 | T103: 78 | W103: 50 | Y103: 52 | Z103: 78 | AA103: 30 | AD103: 54 | AE103: 45 | AF103: 43 | AG103: 0 | AH103: =SUM(D103:AG103) -> 1007
C104: 17-59 F (PCD) | D104: 0 | E104: 0 | I104: 0 | J104: 0 | K104: 0 | L104: 0 | M104: 0 | P104: 0 | Q104: 0 | R104: 0 | S104: 0 | T104: 0 | W104: 0 | Y104: 0 | Z104: 0 | AA104: 0 | AD104: 0 | AE104: 0 | AF104: 0 | AG104: 86 | AH104: =SUM(D104:AG104) -> 86
...

Sheet 5
A1: ANO CALENDÁRIO | B1: MÊS | C1: Data | K1: Prato Cheio Capital
A2: 2026 | B2: MAIO | C2: =DATE(A2,MATCH(B2,{"JANEIRO";"FEVEREIRO";"MARÇO";"ABRIL";"MAIO";"JUNHO";"JULHO";"AGOSTO";"SETEMBRO";"OUTUBRO";"NOVEMBRO";"DEZEMBRO"},0),1) -> 46143 | D2: =IF(ISERROR(DATE($A$2,$B$3,COLUMN()-3)),"",DAY(DATE($A$2,$B$3,COLUMN()-3))) -> 1 | E2: =IF(ISERROR(DATE($A$2,$B$3,COLUMN()-3)),"",DAY(DATE($A$2,$B$3,COLUMN()-3))) -> 2 | F2: =IF(ISERROR(DATE($A$2,$B$3,COLUMN()-3)),"",DAY(DATE($A$2,$B$3,COLUMN()-3))) -> 3 | G2: =IF(ISERROR(DATE($A$2,$B$3,COLUMN()-3)),"",DAY(DATE($A$2,$B$3,COLUMN()-3))) -> 4 | H2: =IF(ISERROR(DATE($A$2,$B$3,COLUMN()-3)),"",DAY(DATE($A$2,$B$3,COLUMN()-3))) -> 5 | I2: =IF(ISERROR(DATE($A$2,$B$3,COLUMN()-3)),"",DAY(DATE($A$2,$B$3,COLUMN()-3))) -> 6 | J2: =IF(ISERROR(DATE($A$2,$B$3,COLUMN()-3)),"",DAY(DATE($A$2,$B$3,COLUMN()-3))) -> 7 | K2: =IF(ISERROR(DATE($A$2,$B$3,COLUMN()-3)),"",DAY(DATE($A$2,$B$3,COLUMN()-3))) -> 8 | ... AH2: =IF(ISERROR(DATE($A$2,$B$3,COLUMN()-3)),"",DAY(DATE($A$2,$B$3,COLUMN()-3))) -> 31
B3: =MATCH(B2,{"JANEIRO";"FEVEREIRO";"MARÇO";"ABRIL";"MAIO";"JUNHO";"JULHO";"AGOSTO";"SETEMBRO";"OUTUBRO";"NOVEMBRO";"DEZEMBRO"},0) -> 5 | D3: =IF(D2="","",TEXT(DATE($A$2,$B$3,D2),"ddd")) -> sex | E3: =IF(E2="","",TEXT(DATE($A$2,$B$3,E2),"ddd")) -> sáb | F3: =IF(F2="","",TEXT(DATE($A$2,$B$3,F2),"ddd")) -> dom | G3: =IF(G2="","",TEXT(DATE($A$2,$B$3,G2),"ddd")) -> seg | H3: =IF(H2="","",TEXT(DATE($A$2,$B$3,H2),"ddd")) -> ter | I3: =IF(I2="","",TEXT(DATE($A$2,$B$3,I2),"ddd")) -> qua | J3: =IF(J2="","",TEXT(DATE($A$2,$B$3,J2),"ddd")) -> qui | K3: =IF(K2="","",TEXT(DATE($A$2,$B$3,K2),"ddd")) -> sex | ... AH3: =IF(AH2="","",TEXT(DATE($A$2,$B$3,AH2),"ddd")) -> dom | AJ3: observações:
A4: Restaurante CENTRO | B4: Novos cadastros | G4: 0 | H4: 0 | I4: 0 | J4: 0 | K4: 0 | N4: 0 | O4: 0 | P4: 0 | Q4: 0 | R4: 0 | U4: 0 | V4: 0 | W4: 0 | X4: 0 | Y4: 0 | AB4: 0 | AC4: 0 | AD4: 0 | AE4: 0 | AF4: 0 | AI4: =SUM(D4:AH4) -> 0
B5: Usuários por faixa etária | C5: 3-17 anos M | G5: 13 | H5: 6 | I5: 15 | J5: 4 | K5: 16 | N5: 4 | O5: 12 | P5: 5 | Q5: 8 | R5: 2 | U5: 14 | V5: 4 | W5: 4 | X5: 11 | Y5: 10 | AB5: 7 | AC5: 12 | AD5: 11 | AE5: 0 | AF5: 9 | AI5: =SUM(D5:AH5) -> 167
C6: 3-17 anos M (PCD) | G6: 0 | H6: 0 | I6: 0 | J6: 0 | K6: 0 | N6: 0 | O6: 0 | P6: 0 | Q6: 0 | R6: 0 | U6: 0 | V6: 0 | W6: 0 | X6: 0 | Y6: 0 | AB6: 0 | AC6: 0 | AD6: 0 | AE6: 0 | AF6: 0 | AI6: =SUM(D6:AH6) -> 0
C7: 03-17 anos F | G7: 9 | H7: 0 | I7: 7 | J7: 1 | K7: 7 | N7: 1 | O7: 1 | P7: 4 | Q7: 3 | R7: 0 | U7: 5 | V7: 2 | W7: 0 | X7: 1 | Y7: 4 | AB7: 2 | AC7: 2 | AD7: 1 | AE7: 1 | AF7: 5 | AI7: =SUM(D7:AH7) -> 56
C8: 03-17 anos F (PCD) | G8: 0 | H8: 0 | I8: 0 | J8: 0 | K8: 0 | N8: 0 | O8: 0 | P8: 0 | Q8: 0 | R8: 0 | U8: 0 | V8: 0 | W8: 0 | X8: 0 | Y8: 0 | AB8: 0 | AC8: 0 | AD8: 0 | AE8: 0 | AF8: 0 | AI8: =SUM(D8:AH8) -> 0
C9: 17-59 M | G9: 211 | H9: 186 | I9: 229 | J9: 144 | K9: 208 | N9: 170 | O9: 213 | P9: 180 | Q9: 218 | R9: 144 | U9: 179 | V9: 206 | W9: 147 | X9: 141 | Y9: 163 | AB9: 178 | AC9: 167 | AD9: 147 | AE9: 179 | AF9: 185 | AI9: =SUM(D9:AH9) -> 3595
C10: 17-59 M (PCD) | G10: 0 | H10: 0 | I10: 0 | J10: 0 | K10: 0 | N10: 0 | O10: 0 | P10: 0 | Q10: 0 | R10: 0 | U10: 0 | V10: 0 | W10: 0 | X10: 0 | Y10: 0 | AB10: 0 | AC10: 0 | AD10: 0 | AE10: 0 | AF10: 0 | AI10: =SUM(D10:AH10) -> 0
C11: 17-59 F | G11: 34 | H11: 18 | I11: 29 | J11: 16 | K11: 34 | N11: 19 | O11: 23 | P11: 24 | Q11: 27 | R11: 11 | U11: 41 | V11: 32 | W11: 25 | X11: 19 | Y11: 24 | AB11: 37 | AC11: 34 | AD11: 15 | AE11: 21 | AF11: 36 | AI11: =SUM(D11:AH11) -> 519
C12: 17-59 F (PCD) | G12: 0 | H12: 0 | I12: 0 | J12: 0 | K12: 0 | N12: 0 | O12: 0 | P12: 0 | Q12: 0 | R12: 0 | U12: 0 | V12: 0 | W12: 0 | X12: 0 | Y12: 0 | AB12: 0 | AC12: 0 | AD12: 0 | AE12: 0 | AF12: 0 | AI12: =SUM(D12:AH12) -> 0
C13: a partir de 60 anos M | G13: 148 | H13: 129 | I13: 170 | J13: 134 | K13: 149 | N13: 129 | O13: 138 | P13: 136 | Q13: 159 | R13: 143 | U13: 153 | V13: 154 | W13: 163 | X13: 157 | Y13: 150 | AB13: 166 | AC13: 183 | AD13: 155 | AE13: 162 | AF13: 177 | AI13: =SUM(D13:AH13) -> 3055
C14: a partir de 60 anos M (PCD) | G14: 0 | H14: 0 | I14: 0 | J14: 0 | K14: 0 | N14: 0 | O14: 0 | P14: 0 | Q14: 0 | R14: 0 | U14: 0 | V14: 0 | W14: 0 | X14: 0 | Y14: 0 | AB14: 0 | AC14: 0 | AD14: 0 | AE14: 0 | AF14: 0 | AI14: =SUM(D14:AH14) -> 0
C15: a partir de 60 anos F | G15: 14 | H15: 9 | I15: 22 | J15: 7 | K15: 10 | N15: 13 | O15: 9 | P15: 9 | Q15: 17 | R15: 4 | U15: 8 | V15: 10 | W15: 7 | X15: 12 | Y15: 4 | AB15: 12 | AC15: 10 | AD15: 12 | AE15: 12 | AF15: 16 | AI15: =SUM(D15:AH15) -> 217
C16: a partir de 60 anos F (PCD) | G16: 0 | H16: 0 | I16: 0 | J16: 0 | K16: 0 | N16: 0 | O16: 0 | P16: 0 | Q16: 0 | R16: 0 | U16: 0 | V16: 0 | W16: 0 | X16: 0 | Y16: 0 | AB16: 0 | AC16: 0 | AD16: 0 | AE16: 0 | AF16: 0 | AI16: =SUM(D16:AH16) -> 0
C17: Pessoas em situação de rua M | G17: 0 | H17: 0 | I17: 0 | J17: 0 | K17: 0 | N17: 0 | O17: 0 | P17: 64 | Q17: 82 | R17: 58 | U17: 71 | V17: 67 | W17: 58 | X17: 64 | Y17: 66 | AB17: 70 | AC17: 0 | AD17: 61 | AE17: 75 | AF17: 77 | AI17: =SUM(D17:AH17) -> 813
... C19: sem cadastro (genéricas) | G19: 170 | H19: 252 | I19: 127 | J19: 294 | K19: 166 | N19: 264 | O19: 204 | P19: 242 | Q19: 168 | R19: 200 | U19: 200 | V19: 192 | W19: 254 | X19: 259 | Y19: 195 | AB19: 198 | AC19: 192 | AD19: 259 | AE19: 225 | AF19: 172 | AI19: =SUM(D19:AH19) -> 4233
B20: Usuários ATENDIDOS (ref. Vendidas) | G20: =SUM(G5:G16,G19) -> 599 | H20: =SUM(H5:H16,H19) -> 600 | I20: =SUM(I5:I16,I19) -> 599 | J20: =SUM(J5:J16,J19) -> 600 | K20: =SUM(K5:K16,K19) -> 590 | N20: =SUM(N5:N16,N19) -> 600 | O20: =SUM(O5:O16,O19) -> 600 | P20: =SUM(P5:P16,P19) -> 600 | Q20: =SUM(Q5:Q16,Q19) -> 600 | R20: =SUM(R5:R16,R19) -> 504 | U20: =SUM(U5:U16,U19) -> 600 | V20: =SUM(V5:V16,V19) -> 600 | W20: =SUM(W5:W16,W19) -> 600 | X20: =SUM(X5:X16,X19) -> 600 | Y20: =SUM(Y5:Y16,Y19) -> 550 | AB20: =SUM(AB5:AB16,AB19) -> 600 | AC20: =SUM(AC5:AC16,AC19) -> 600 | AD20: =SUM(AD5:AD16,AD19) -> 600 | AE20: =SUM(AE5:AE16,AE19) -> 600 | AF20: =SUM(AF5:AF16,AF19) -> 600 | AI20: =SUM(D20:AH20) -> 11842
B21: Refeições Servidas | G21: 592 | H21: 586 | I21: 569 | J21: 591 | K21: 568 | N21: 591 | O21: 597 | P21: 584 | Q21: 589 | R21: 491 | U21: 578 | V21: 578 | W21: 591 | X21: 588 | Y21: 542 | AB21: 590 | AC21: 588 | AD21: 582 | AE21: 590 | AF21: 581 | AI21: =SUM(D21:AH21) -> 11566
B22: REFEIÇÕES OFERTADAS | G22: 600 | H22: 600 | I22: 600 | J22: 600 | K22: 600 | N22: 600 | O22: 600 | P22: 600 | Q22: 600 | R22: 600 | U22: 600 | V22: 600 | W22: 600 | X22: 600 | Y22: 600 | AB22: 600 | AC22: 600 | AD22: 600 | AE22: 600 | AF22: 600 | AI22: =SUM(D22:AH22) -> 12000
B23: SOBRA DE REFEIÇÕES | G23: =G22-G21 -> 8 | H23: =H22-H21 -> 14 | I23: =I22-I21 -> 31 | J23: =J22-J21 -> 9 | K23: =K22-K21 -> 32 | N23: =N22-N21 -> 9 | O23: =O22-O21 -> 3 | P23: =P22-P21 -> 16 | Q23: =Q22-Q21 -> 11 | R23: =R22-R21 -> 109 | U23: =U22-U21 -> 22 | V23: =V22-V21 -> 22 | W23: =W22-W21 -> 9 | X23: =X22-X21 -> 12 | Y23: =Y22-Y21 -> 58 | AB23: =AB22-AB21 -> 10 | AC23: =AC22-AC21 -> 12 | AD23: =AD22-AD21 -> 18 | AE23: =AE22-AE21 -> 10 | AF23: =AF22-AF21 -> 19 | AI23: =SUM(D23:AH23) -> 434
B24: SOBRA DE SENHAS (não vendidas) | G24: =G22-G20 -> 1 | H24: =H22-H20 -> 0 | I24: =I22-I20 -> 1 | J24: =J22-J20 -> 0 | K24: =K22-K20 -> 10 | N24: =N22-N20 -> 0 | O24: =O22-O20 -> 0 | P24: =P22-P20 -> 0 | Q24: =Q22-Q20 -> 0 | R24: =R22-R20 -> 96 | U24: =U22-U20 -> 0 | V24: =V22-V20 -> 0 | W24: =W22-W20 -> 0 | X24: =X22-X20 -> 0 | Y24: =Y22-Y20 -> 50 | AB24: =AB22-AB20 -> 0 | AC24: =AC22-AC20 -> 0 | AD24: 0 | AE24: 0 | AF24: 0 | AI24: =SUM(D24:AH24) -> 158
B25: Atendimento à Pessoas com Deficiência | G25: =G6+G8+G10+G12+G14+G16 -> 0 | H25: =H6+H8+H10+H12+H14+H16 -> 0 | I25: =I6+I8+I10+I12+I14+I16 -> 0 | J25: =J6+J8+J10+J12+J14+J16 -> 0 | K25: =K6+K8+K10+K12+K14+K16 -> 0 | N25: =N6+N8+N10+N12+N14+N16 -> 0 | O25: =O6+O8+O10+O12+O14+O16 -> 0 | P25: =P6+P8+P10+P12+P14+P16 -> 0 | Q25: =Q6+Q8+Q10+Q12+Q14+Q16 -> 0 | R25: =R6+R8+R10+R12+R14+R16 -> 0 | U25: =U6+U8+U10+U12+U14+U16 -> 0 | V25: =V6+V8+V10+V12+V14+V16 -> 0 | W25: =W6+W8+W10+W12+W14+W16 -> 0 | X25: =X6+X8+X10+X12+X14+X16 -> 0 | Y25: =Y6+Y8+Y10+Y12+Y14+Y16 -> 0 | AB25: =AB6+AB8+AB10+AB12+AB14+AB16 -> 0 | AC25: =AC6+AC8+AC10+AC12+AC14+AC16 -> 0 | AD25: 0 | AE25: 0 | AF25: 0 | AI25: =SUM(D25:AH25) -> 0
AJ26: observações:
A27: Restaurante COMPENSA | B27: Novos cadastros | G27: 0 | H27: 0 | I27: 0 | J27: 0 | K27: 0 | N27: 0 | O27: 0 | P27: 0 | Q27: 0 | R27: 0 | U27: 0 | V27: 0 | W27: 0 | X27: 0 | Y27: 0 | AB27: 0 | AC27: 0 | AD27: 0 | AE27: 0 | AF27: 0 | AI27: =SUM(D27:AH27) -> 0
B28: Usuários por faixa etária | C28: 3-17 anos M | G28: 11 | H28: 9 | I28: 7 | J28: 9 | K28: 5 | N28: 5 | O28: 6 | P28: 6 | Q28: 10 | R28: 9 | U28: 9 | V28: 12 | W28: 6 | X28: 7 | Y28: 5 | AB28: 9 | AC28: 9 | AD28: 10 | AE28: 10 | AF28: 10 | AI28: =SUM(D28:AH28) -> 164
